layer,expert,count
1,0,30
1,2,4
1,5,30
1,7,7
1,8,30
1,9,15
1,10,3
1,11,2
1,12,30
1,13,3
1,14,2
1,16,12
1,17,8
1,18,18
1,21,8
1,22,30
1,23,14
1,25,2
1,26,25
1,28,3
1,30,3
1,31,26
1,32,5
1,33,14
1,34,9
1,35,29
1,38,30
1,42,21
1,44,29
1,46,5
1,47,30
1,48,7
1,49,13
1,50,2
1,51,3
1,53,21
1,55,28
1,56,7
1,60,30
1,62,30
1,64,30
1,67,2
1,68,1
1,69,29
1,71,30
1,72,30
1,74,3
1,76,5
1,77,5
1,78,14
1,79,6
1,81,23
1,82,4
1,83,2
1,84,30
1,85,20
1,86,30
1,89,9
1,90,12
1,91,1
1,92,17
1,93,9
1,94,28
1,97,29
1,98,30
1,101,3
1,102,4
1,103,26
1,107,1
1,108,20
1,109,1
1,112,4
1,113,30
1,114,1
1,115,23
1,116,30
1,117,22
1,119,30
1,120,20
1,123,22
1,124,9
1,125,3
1,126,29
1,127,30
1,128,20
1,130,27
1,132,30
1,133,29
1,137,30
1,138,1
1,139,23
1,141,30
1,143,30
1,146,8
1,147,3
1,148,3
1,151,21
1,152,29
1,153,13
1,154,4
1,156,16
1,157,23
1,158,30
1,159,30
1,162,20
1,163,16
1,164,30
1,165,30
1,166,1
1,167,30
1,168,1
1,170,1
1,171,2
1,172,30
1,173,9
1,174,30
1,175,19
1,177,8
1,178,24
1,179,2
1,181,2
1,182,30
1,183,19
1,184,1
1,185,30
1,186,30
1,187,1
1,189,6
1,190,29
1,193,30
1,194,2
1,196,30
1,203,29
1,204,30
1,205,9
1,206,3
1,207,2
1,208,30
1,210,1
1,211,30
1,212,21
1,213,30
1,214,1
1,216,30
1,217,30
1,218,1
1,220,3
1,222,3
1,223,30
1,224,1
1,225,5
1,227,30
1,228,1
1,230,30
1,232,28
1,233,27
1,234,30
1,235,30
1,237,3
1,238,1
1,239,5
1,242,2
1,243,9
1,245,6
1,246,30
1,248,1
1,249,13
1,250,13
1,252,3
1,253,29
1,254,6
1,255,1
1,256,2
1,257,30
1,259,30
1,260,5
1,266,30
1,269,9
1,271,28
1,272,23
1,273,3
1,274,30
1,275,5
1,278,14
1,279,4
1,282,30
1,284,24
1,285,5
1,287,30
1,289,14
1,291,17
1,292,4
1,293,30
1,296,30
1,300,5
1,301,22
1,306,23
1,307,30
1,309,28
1,310,7
1,311,11
1,314,2
1,315,30
1,316,30
1,317,30
1,318,30
1,319,2
1,320,8
1,321,7
1,322,30
1,323,15
1,324,30
1,327,30
1,330,30
1,331,30
1,332,3
1,333,30
1,334,2
1,336,27
1,338,6
1,340,30
1,341,4
1,342,1
1,343,12
1,344,16
1,345,30
1,346,2
1,347,1
1,348,4
1,349,29
1,353,8
1,355,3
1,356,30
1,358,25
1,360,15
1,362,3
1,364,15
1,365,30
1,366,29
1,367,1
1,368,2
1,369,10
1,371,7
1,372,28
1,377,30
1,380,30
1,382,7
2,0,23
2,2,7
2,3,29
2,4,11
2,5,13
2,6,17
2,7,23
2,8,30
2,10,2
2,12,1
2,13,27
2,14,2
2,15,2
2,16,23
2,17,13
2,18,30
2,19,30
2,20,1
2,21,6
2,23,9
2,24,27
2,26,30
2,27,15
2,30,30
2,32,30
2,33,3
2,34,21
2,36,30
2,37,23
2,38,1
2,39,1
2,40,3
2,42,30
2,43,29
2,44,3
2,47,10
2,49,2
2,50,30
2,51,9
2,52,30
2,53,22
2,54,14
2,55,1
2,56,9
2,57,2
2,58,28
2,59,7
2,62,30
2,63,6
2,64,9
2,65,5
2,66,12
2,67,30
2,68,17
2,69,21
2,72,5
2,73,15
2,74,3
2,75,1
2,77,30
2,78,6
2,80,1
2,81,30
2,82,12
2,83,3
2,84,8
2,85,30
2,86,1
2,87,30
2,88,1
2,89,3
2,90,30
2,91,1
2,92,30
2,94,16
2,95,30
2,99,7
2,100,1
2,101,30
2,102,8
2,103,24
2,104,5
2,106,30
2,108,28
2,109,3
2,110,30
2,113,4
2,114,2
2,115,1
2,116,16
2,117,2
2,118,8
2,119,30
2,120,9
2,121,14
2,122,1
2,124,30
2,125,5
2,126,2
2,127,29
2,128,5
2,130,4
2,131,5
2,132,23
2,133,2
2,134,25
2,135,18
2,136,8
2,137,6
2,138,10
2,139,30
2,140,30
2,141,7
2,142,10
2,143,17
2,144,6
2,146,4
2,147,5
2,149,16
2,151,1
2,153,28
2,154,8
2,157,4
2,158,29
2,159,29
2,160,2
2,161,5
2,162,7
2,163,4
2,165,27
2,167,1
2,168,17
2,170,1
2,171,9
2,172,18
2,173,16
2,177,15
2,179,4
2,182,30
2,183,5
2,184,11
2,185,1
2,186,30
2,187,1
2,189,11
2,190,19
2,191,2
2,194,30
2,195,27
2,196,8
2,197,30
2,198,1
2,200,3
2,201,1
2,203,6
2,204,4
2,205,2
2,206,14
2,207,1
2,209,28
2,210,16
2,211,2
2,212,22
2,213,5
2,214,1
2,215,14
2,216,10
2,219,5
2,220,30
2,222,17
2,223,17
2,224,14
2,226,30
2,228,4
2,229,28
2,231,10
2,232,30
2,235,26
2,236,2
2,237,1
2,238,30
2,240,30
2,242,30
2,243,11
2,244,23
2,245,30
2,246,2
2,247,23
2,248,1
2,249,30
2,250,7
2,251,1
2,252,6
2,253,23
2,255,4
2,256,3
2,257,19
2,258,30
2,259,27
2,260,7
2,261,12
2,262,8
2,263,30
2,264,7
2,268,7
2,269,30
2,270,1
2,271,24
2,273,3
2,274,30
2,276,30
2,277,29
2,278,9
2,279,30
2,280,11
2,281,1
2,282,30
2,283,1
2,286,1
2,287,19
2,288,8
2,289,30
2,290,11
2,292,3
2,293,6
2,294,3
2,295,8
2,296,7
2,297,3
2,300,19
2,301,1
2,303,29
2,304,5
2,306,12
2,308,2
2,309,26
2,311,21
2,312,29
2,313,14
2,314,2
2,315,27
2,317,6
2,318,9
2,319,23
2,320,12
2,321,1
2,322,3
2,323,4
2,324,30
2,325,6
2,326,3
2,327,1
2,329,24
2,330,3
2,332,2
2,333,30
2,334,10
2,335,24
2,336,9
2,337,13
2,339,2
2,340,30
2,341,11
2,342,27
2,343,30
2,346,2
2,347,26
2,348,3
2,350,9
2,351,1
2,352,3
2,354,30
2,355,12
2,356,3
2,357,27
2,358,3
2,359,1
2,362,30
2,363,17
2,364,16
2,365,27
2,366,1
2,367,11
2,368,12
2,369,30
2,371,30
2,372,1
2,373,2
2,374,27
2,375,2
2,376,8
2,377,13
2,379,3
2,380,4
2,381,4
2,382,2
2,383,4
3,0,7
3,1,4
3,2,13
3,3,26
3,4,28
3,5,12
3,6,20
3,7,19
3,8,4
3,9,30
3,10,5
3,11,6
3,12,22
3,13,14
3,14,19
3,15,15
3,16,3
3,17,21
3,18,8
3,19,30
3,21,1
3,22,6
3,24,2
3,25,3
3,26,5
3,27,10
3,28,9
3,30,9
3,31,13
3,32,22
3,33,5
3,34,14
3,35,10
3,36,1
3,37,14
3,38,8
3,40,2
3,41,2
3,43,18
3,45,2
3,46,1
3,47,4
3,48,23
3,52,5
3,53,11
3,55,30
3,56,7
3,57,3
3,58,16
3,60,5
3,62,21
3,63,3
3,64,16
3,65,20
3,67,16
3,68,24
3,69,4
3,70,18
3,71,19
3,72,6
3,73,30
3,74,14
3,75,11
3,76,1
3,78,23
3,80,2
3,82,14
3,83,9
3,84,3
3,85,30
3,87,4
3,88,10
3,90,4
3,91,30
3,92,25
3,93,9
3,94,16
3,95,30
3,97,25
3,98,1
3,99,2
3,100,8
3,101,14
3,102,3
3,103,2
3,104,30
3,105,10
3,106,5
3,107,16
3,108,25
3,109,27
3,110,30
3,111,4
3,112,12
3,113,30
3,114,17
3,115,30
3,116,1
3,117,14
3,118,30
3,120,2
3,121,11
3,122,9
3,123,14
3,124,3
3,125,3
3,126,4
3,127,4
3,128,30
3,129,20
3,130,29
3,132,13
3,133,10
3,134,18
3,135,4
3,136,7
3,137,2
3,138,7
3,139,3
3,141,28
3,142,11
3,143,19
3,144,1
3,146,8
3,148,1
3,149,16
3,150,11
3,151,14
3,152,2
3,153,6
3,155,6
3,156,15
3,157,11
3,158,22
3,159,3
3,160,27
3,161,18
3,162,4
3,163,13
3,164,30
3,165,12
3,166,6
3,167,16
3,169,3
3,170,13
3,171,10
3,172,7
3,173,25
3,175,6
3,176,16
3,177,1
3,178,30
3,179,6
3,180,1
3,181,1
3,182,15
3,185,13
3,186,1
3,187,13
3,189,9
3,190,5
3,191,7
3,192,23
3,193,1
3,194,14
3,195,3
3,196,1
3,197,30
3,198,17
3,199,14
3,200,2
3,201,12
3,202,6
3,205,13
3,206,30
3,207,18
3,208,3
3,209,30
3,210,1
3,212,29
3,213,2
3,214,3
3,216,12
3,217,30
3,218,7
3,219,30
3,220,2
3,221,5
3,222,30
3,224,11
3,225,19
3,226,1
3,227,5
3,228,13
3,229,27
3,230,24
3,232,9
3,233,3
3,234,28
3,235,21
3,238,17
3,239,30
3,240,23
3,241,3
3,243,30
3,245,8
3,246,16
3,247,6
3,248,30
3,249,3
3,250,3
3,252,10
3,253,6
3,254,21
3,255,3
3,256,11
3,257,30
3,259,1
3,260,30
3,261,15
3,263,4
3,264,2
3,265,3
3,266,23
3,267,1
3,268,26
3,269,3
3,271,14
3,272,20
3,273,3
3,274,15
3,275,9
3,276,30
3,277,9
3,278,5
3,279,5
3,280,1
3,281,11
3,283,12
3,284,17
3,285,4
3,287,22
3,289,19
3,290,2
3,293,13
3,294,27
3,296,7
3,297,1
3,298,30
3,299,6
3,300,4
3,301,26
3,303,2
3,304,21
3,305,30
3,306,26
3,307,7
3,308,24
3,309,16
3,311,17
3,312,6
3,314,8
3,315,19
3,316,30
3,318,3
3,319,16
3,320,17
3,321,8
3,322,28
3,323,5
3,324,3
3,325,9
3,328,5
3,329,5
3,331,20
3,332,5
3,333,6
3,334,2
3,335,20
3,336,17
3,337,18
3,338,3
3,339,3
3,340,1
3,341,10
3,342,5
3,344,4
3,345,20
3,346,18
3,347,11
3,348,1
3,349,9
3,350,14
3,351,21
3,352,1
3,353,28
3,354,1
3,355,30
3,356,15
3,358,20
3,359,20
3,362,22
3,363,2
3,365,5
3,366,16
3,367,9
3,368,28
3,369,5
3,370,5
3,371,30
3,372,6
3,373,2
3,374,3
3,375,11
3,376,27
3,377,1
3,378,9
3,379,12
3,380,29
3,381,5
3,382,28
4,0,30
4,1,3
4,2,1
4,3,27
4,4,13
4,5,27
4,6,5
4,8,9
4,9,11
4,10,29
4,11,29
4,12,10
4,13,25
4,14,23
4,15,22
4,16,6
4,17,10
4,18,30
4,20,14
4,22,28
4,24,4
4,25,3
4,27,17
4,28,2
4,29,26
4,31,29
4,33,2
4,34,2
4,35,8
4,36,3
4,38,8
4,39,23
4,40,3
4,43,13
4,44,6
4,45,24
4,46,14
4,47,26
4,48,13
4,50,13
4,51,6
4,52,27
4,53,5
4,55,1
4,57,25
4,58,29
4,59,19
4,60,11
4,61,3
4,63,13
4,64,2
4,65,26
4,66,17
4,69,15
4,70,11
4,71,24
4,72,5
4,74,2
4,75,28
4,76,22
4,77,12
4,78,9
4,79,30
4,80,15
4,81,26
4,83,4
4,84,17
4,85,2
4,86,27
4,87,29
4,88,16
4,89,17
4,90,23
4,91,16
4,92,19
4,93,4
4,96,1
4,97,25
4,98,26
4,99,30
4,100,4
4,101,30
4,103,11
4,104,3
4,105,12
4,106,5
4,107,3
4,108,23
4,109,30
4,111,30
4,112,1
4,115,25
4,116,16
4,117,22
4,118,9
4,119,8
4,120,15
4,121,21
4,123,5
4,124,8
4,125,27
4,126,8
4,127,7
4,128,16
4,129,1
4,130,1
4,132,3
4,133,1
4,134,29
4,135,2
4,136,8
4,137,2
4,138,8
4,139,14
4,140,22
4,141,23
4,142,24
4,143,6
4,144,1
4,145,1
4,146,15
4,147,11
4,148,18
4,149,1
4,150,25
4,151,30
4,152,2
4,155,2
4,156,7
4,157,1
4,158,3
4,159,6
4,161,30
4,162,30
4,163,10
4,164,5
4,165,10
4,166,9
4,167,30
4,168,13
4,169,27
4,170,30
4,171,2
4,173,1
4,174,8
4,175,4
4,177,29
4,179,3
4,180,9
4,182,21
4,183,1
4,185,1
4,186,1
4,187,6
4,188,13
4,189,30
4,191,2
4,192,12
4,193,9
4,194,21
4,195,8
4,197,18
4,198,3
4,199,30
4,200,24
4,201,6
4,202,9
4,204,2
4,205,26
4,206,6
4,207,15
4,210,9
4,211,30
4,212,26
4,213,1
4,214,3
4,215,21
4,216,26
4,219,16
4,220,22
4,221,7
4,222,18
4,223,7
4,224,11
4,225,6
4,226,4
4,227,9
4,228,1
4,229,2
4,230,2
4,231,1
4,232,5
4,233,16
4,234,8
4,235,29
4,236,8
4,237,3
4,239,6
4,240,1
4,241,20
4,242,14
4,243,21
4,244,12
4,245,7
4,248,1
4,249,16
4,250,15
4,251,1
4,252,4
4,253,24
4,254,3
4,255,11
4,256,8
4,257,10
4,259,28
4,261,10
4,262,2
4,263,12
4,265,29
4,266,22
4,267,4
4,268,12
4,269,1
4,270,26
4,271,1
4,273,1
4,274,27
4,275,30
4,276,7
4,277,27
4,278,30
4,279,21
4,280,24
4,281,18
4,282,28
4,283,24
4,285,15
4,286,3
4,289,15
4,290,10
4,291,30
4,292,8
4,293,23
4,294,3
4,295,9
4,297,9
4,298,16
4,300,22
4,301,11
4,302,13
4,304,20
4,305,10
4,307,11
4,308,29
4,309,4
4,310,26
4,311,8
4,312,3
4,314,29
4,315,14
4,316,4
4,319,2
4,320,1
4,322,24
4,324,11
4,325,7
4,326,2
4,327,12
4,328,4
4,329,14
4,330,20
4,331,18
4,333,9
4,334,2
4,336,6
4,338,1
4,339,7
4,341,1
4,342,23
4,343,1
4,344,3
4,345,10
4,347,6
4,348,4
4,349,5
4,350,30
4,351,16
4,352,12
4,354,10
4,355,1
4,356,8
4,357,7
4,359,9
4,361,14
4,362,5
4,363,3
4,364,1
4,365,18
4,366,26
4,367,27
4,368,4
4,369,2
4,371,9
4,372,13
4,373,4
4,374,2
4,375,10
4,376,18
4,377,23
4,378,1
4,379,11
4,380,8
4,381,7
4,382,16
4,383,20
5,0,27
5,1,7
5,2,1
5,4,26
5,6,17
5,7,1
5,8,11
5,9,18
5,10,7
5,11,6
5,12,30
5,14,24
5,15,10
5,17,30
5,18,2
5,19,1
5,20,14
5,21,29
5,22,23
5,23,6
5,26,26
5,27,24
5,29,3
5,31,3
5,34,3
5,35,18
5,36,12
5,37,1
5,38,9
5,40,2
5,41,16
5,42,4
5,43,6
5,44,7
5,45,27
5,46,8
5,47,30
5,48,5
5,49,2
5,50,3
5,51,30
5,52,6
5,53,2
5,54,26
5,56,7
5,57,15
5,58,4
5,59,4
5,60,16
5,61,2
5,62,1
5,64,25
5,65,2
5,66,1
5,67,11
5,68,19
5,69,20
5,70,21
5,72,27
5,73,3
5,74,5
5,75,1
5,76,15
5,78,10
5,80,19
5,81,22
5,82,27
5,83,3
5,84,25
5,85,30
5,86,24
5,87,10
5,88,19
5,89,11
5,90,4
5,91,4
5,92,29
5,93,30
5,94,12
5,95,14
5,96,30
5,100,20
5,101,27
5,102,27
5,104,6
5,105,3
5,106,20
5,107,22
5,108,30
5,109,27
5,110,5
5,111,16
5,112,19
5,113,2
5,114,21
5,115,9
5,116,6
5,119,9
5,120,27
5,121,27
5,122,11
5,123,5
5,124,11
5,125,1
5,126,7
5,127,6
5,128,30
5,129,4
5,133,4
5,134,26
5,135,7
5,136,7
5,137,3
5,138,27
5,139,8
5,140,12
5,141,11
5,142,27
5,143,5
5,144,27
5,145,25
5,146,12
5,147,9
5,149,7
5,150,5
5,151,4
5,152,13
5,154,6
5,155,3
5,157,7
5,160,6
5,161,23
5,163,6
5,164,26
5,165,2
5,167,5
5,168,20
5,171,7
5,172,2
5,173,1
5,174,30
5,175,11
5,176,10
5,177,3
5,178,3
5,179,27
5,180,11
5,181,3
5,182,30
5,183,1
5,184,21
5,185,6
5,186,8
5,187,1
5,188,10
5,189,7
5,190,28
5,192,3
5,193,20
5,194,5
5,195,3
5,197,8
5,198,3
5,200,7
5,201,2
5,202,6
5,203,12
5,205,21
5,206,29
5,207,2
5,208,21
5,209,5
5,210,2
5,211,10
5,212,22
5,213,2
5,214,10
5,215,1
5,216,20
5,218,6
5,219,29
5,220,1
5,221,10
5,222,11
5,223,6
5,224,30
5,225,22
5,227,10
5,228,6
5,229,11
5,230,2
5,231,30
5,232,5
5,233,8
5,235,23
5,236,6
5,237,3
5,238,27
5,239,27
5,240,1
5,241,6
5,242,1
5,243,26
5,244,4
5,245,24
5,247,1
5,249,4
5,250,26
5,251,25
5,252,11
5,253,21
5,254,27
5,256,21
5,257,14
5,258,2
5,259,3
5,260,3
5,261,4
5,262,8
5,264,27
5,265,11
5,266,26
5,267,27
5,268,17
5,269,27
5,270,9
5,271,2
5,272,10
5,273,25
5,274,9
5,275,4
5,277,3
5,279,5
5,280,21
5,281,19
5,282,5
5,283,30
5,284,5
5,285,27
5,286,15
5,287,25
5,288,2
5,289,17
5,290,10
5,292,18
5,293,27
5,294,1
5,295,3
5,296,3
5,297,8
5,298,30
5,299,2
5,300,30
5,301,5
5,302,6
5,303,2
5,304,25
5,305,9
5,306,2
5,307,10
5,308,3
5,309,25
5,310,8
5,311,27
5,312,13
5,314,25
5,315,2
5,317,29
5,318,4
5,319,30
5,321,16
5,323,8
5,324,12
5,325,30
5,326,10
5,327,2
5,329,24
5,330,1
5,331,19
5,333,16
5,334,6
5,335,3
5,336,24
5,338,10
5,339,15
5,341,4
5,344,4
5,345,11
5,346,3
5,348,26
5,349,1
5,350,5
5,351,14
5,352,12
5,353,4
5,354,1
5,355,21
5,357,29
5,358,1
5,360,15
5,361,7
5,364,11
5,366,20
5,367,7
5,368,6
5,369,22
5,370,15
5,371,9
5,372,3
5,373,22
5,374,15
5,375,15
5,376,21
5,377,3
5,379,15
5,380,7
5,381,4
5,382,6
5,383,27
6,0,1
6,1,13
6,2,30
6,5,17
6,6,18
6,7,24
6,8,2
6,9,5
6,10,3
6,11,14
6,13,12
6,15,6
6,16,30
6,17,1
6,18,19
6,19,12
6,20,1
6,21,23
6,22,13
6,24,28
6,25,4
6,26,8
6,27,21
6,32,1
6,33,17
6,34,7
6,35,10
6,42,30
6,43,21
6,44,30
6,45,30
6,46,1
6,47,20
6,52,11
6,53,7
6,55,1
6,57,30
6,59,14
6,60,4
6,61,24
6,62,1
6,63,15
6,65,21
6,67,14
6,68,6
6,69,14
6,70,20
6,71,2
6,72,28
6,73,9
6,74,5
6,75,26
6,76,1
6,78,13
6,79,27
6,80,28
6,82,16
6,83,9
6,85,9
6,87,11
6,88,17
6,90,13
6,91,28
6,93,25
6,95,1
6,96,29
6,97,15
6,98,4
6,99,30
6,100,1
6,101,18
6,102,1
6,104,25
6,105,27
6,106,6
6,108,8
6,109,1
6,112,3
6,113,11
6,115,7
6,116,29
6,117,4
6,118,11
6,122,6
6,124,3
6,126,12
6,127,3
6,128,25
6,129,13
6,130,16
6,131,15
6,132,27
6,134,30
6,135,9
6,136,12
6,137,9
6,138,14
6,139,29
6,140,30
6,141,30
6,142,5
6,143,8
6,144,30
6,147,11
6,148,12
6,149,10
6,150,8
6,151,16
6,152,30
6,153,28
6,154,28
6,155,26
6,157,18
6,158,9
6,159,17
6,160,14
6,161,27
6,165,30
6,170,25
6,171,6
6,172,3
6,173,23
6,174,15
6,175,8
6,176,4
6,179,10
6,180,21
6,182,30
6,183,17
6,184,1
6,185,28
6,186,5
6,187,19
6,188,7
6,189,27
6,190,28
6,191,10
6,192,25
6,193,26
6,195,1
6,197,2
6,198,1
6,199,8
6,200,25
6,201,2
6,202,30
6,203,20
6,206,26
6,207,3
6,208,29
6,209,3
6,212,14
6,214,30
6,215,29
6,217,2
6,218,4
6,221,1
6,223,23
6,224,2
6,225,10
6,227,17
6,228,5
6,229,29
6,232,10
6,233,6
6,235,12
6,238,29
6,239,30
6,240,1
6,241,23
6,243,30
6,244,30
6,245,5
6,246,26
6,248,27
6,249,1
6,250,12
6,251,1
6,253,30
6,254,30
6,256,27
6,257,8
6,259,4
6,261,14
6,262,10
6,263,2
6,264,14
6,265,30
6,266,16
6,267,3
6,270,2
6,271,19
6,272,29
6,273,19
6,274,1
6,276,18
6,277,2
6,278,14
6,279,27
6,280,6
6,281,30
6,283,20
6,285,19
6,288,30
6,289,2
6,290,30
6,291,1
6,292,21
6,295,25
6,296,5
6,297,9
6,298,30
6,300,20
6,303,14
6,304,5
6,305,12
6,306,3
6,307,15
6,308,1
6,309,30
6,310,30
6,312,29
6,313,27
6,314,9
6,315,3
6,316,3
6,317,3
6,318,8
6,319,29
6,320,1
6,321,3
6,322,11
6,323,21
6,324,28
6,325,17
6,327,2
6,329,2
6,330,5
6,331,2
6,332,7
6,333,22
6,334,2
6,335,7
6,336,3
6,337,1
6,338,4
6,339,4
6,340,14
6,343,11
6,344,18
6,345,1
6,346,30
6,348,2
6,349,21
6,350,3
6,351,25
6,352,6
6,353,19
6,354,4
6,355,13
6,356,18
6,358,3
6,360,30
6,361,3
6,364,6
6,365,30
6,366,2
6,367,30
6,368,28
6,369,19
6,371,13
6,372,26
6,374,10
6,375,30
6,377,1
6,378,30
6,382,11
6,383,26
7,0,30
7,1,11
7,2,14
7,3,29
7,5,30
7,6,2
7,9,12
7,10,20
7,12,30
7,13,1
7,14,3
7,15,28
7,16,7
7,17,4
7,18,26
7,19,26
7,20,20
7,21,23
7,23,30
7,26,6
7,27,27
7,29,2
7,31,30
7,36,15
7,37,30
7,38,1
7,40,2
7,41,11
7,42,23
7,43,15
7,44,4
7,46,14
7,49,30
7,50,3
7,51,30
7,55,30
7,57,25
7,58,3
7,59,22
7,60,4
7,64,2
7,66,18
7,68,17
7,71,29
7,72,30
7,74,18
7,75,2
7,78,30
7,80,11
7,81,22
7,83,25
7,86,18
7,87,30
7,88,29
7,89,22
7,90,2
7,91,30
7,93,1
7,96,9
7,98,2
7,99,28
7,100,30
7,101,8
7,102,18
7,104,9
7,105,30
7,106,25
7,108,22
7,110,6
7,111,8
7,113,5
7,114,26
7,117,15
7,119,30
7,120,30
7,121,30
7,124,30
7,125,1
7,126,9
7,127,17
7,128,17
7,129,30
7,130,3
7,132,7
7,133,20
7,137,6
7,138,30
7,139,30
7,140,10
7,141,1
7,145,30
7,147,7
7,149,2
7,151,5
7,153,30
7,155,30
7,156,5
7,158,30
7,161,1
7,162,30
7,164,12
7,166,13
7,168,30
7,170,30
7,171,7
7,174,3
7,175,1
7,177,1
7,179,30
7,180,6
7,181,10
7,182,30
7,183,30
7,184,10
7,185,30
7,186,3
7,187,16
7,189,30
7,190,17
7,192,12
7,196,28
7,197,30
7,199,10
7,200,30
7,203,19
7,204,30
7,205,29
7,209,30
7,210,3
7,211,10
7,212,30
7,213,30
7,214,26
7,217,12
7,218,6
7,219,30
7,220,20
7,221,30
7,222,2
7,223,14
7,225,4
7,226,30
7,227,30
7,228,4
7,229,29
7,230,5
7,231,30
7,232,30
7,233,5
7,234,24
7,238,2
7,239,11
7,242,30
7,243,26
7,244,30
7,245,1
7,249,28
7,252,3
7,254,3
7,255,30
7,256,30
7,258,1
7,260,29
7,261,30
7,262,10
7,263,8
7,265,8
7,266,1
7,268,1
7,269,2
7,270,6
7,271,13
7,272,22
7,274,22
7,277,29
7,278,5
7,280,10
7,282,2
7,286,10
7,291,10
7,292,16
7,294,30
7,295,30
7,296,15
7,300,30
7,302,27
7,306,30
7,307,30
7,312,2
7,314,3
7,316,23
7,317,8
7,320,5
7,323,30
7,326,2
7,327,14
7,328,4
7,329,16
7,330,9
7,332,30
7,333,30
7,337,30
7,338,9
7,339,4
7,340,1
7,342,30
7,343,26
7,344,1
7,345,10
7,346,29
7,347,18
7,348,3
7,350,11
7,351,1
7,352,30
7,353,10
7,355,14
7,356,10
7,358,30
7,362,10
7,363,30
7,364,30
7,366,3
7,367,30
7,368,30
7,370,29
7,371,20
7,372,26
7,374,27
7,375,3
7,376,2
7,377,30
7,378,14
7,379,5
7,380,30
7,381,7
7,382,30
8,2,29
8,3,25
8,5,4
8,6,24
8,7,30
8,10,30
8,11,7
8,12,25
8,15,1
8,16,8
8,18,30
8,20,26
8,21,30
8,22,2
8,23,10
8,24,4
8,25,30
8,26,15
8,27,9
8,28,3
8,29,5
8,31,20
8,34,30
8,36,5
8,37,30
8,38,23
8,39,30
8,42,30
8,43,5
8,45,24
8,47,9
8,48,29
8,50,1
8,51,25
8,52,22
8,53,21
8,54,30
8,57,26
8,58,2
8,59,17
8,60,19
8,61,5
8,62,2
8,63,19
8,64,5
8,66,4
8,67,30
8,70,2
8,71,30
8,72,1
8,74,1
8,76,10
8,79,19
8,80,9
8,81,17
8,83,4
8,85,28
8,86,30
8,87,22
8,89,3
8,90,30
8,91,30
8,92,28
8,95,18
8,96,1
8,98,1
8,99,1
8,102,30
8,103,27
8,104,1
8,105,3
8,106,4
8,107,26
8,108,28
8,109,2
8,110,19
8,111,1
8,113,18
8,115,11
8,116,21
8,119,7
8,121,15
8,122,30
8,123,13
8,124,3
8,126,8
8,128,7
8,129,1
8,130,4
8,131,4
8,132,16
8,134,20
8,138,3
8,140,29
8,142,30
8,143,30
8,144,3
8,145,3
8,146,7
8,147,2
8,148,29
8,150,4
8,151,3
8,153,16
8,154,17
8,156,30
8,158,30
8,159,20
8,160,29
8,161,1
8,164,2
8,166,5
8,168,30
8,171,9
8,172,30
8,174,19
8,176,30
8,177,30
8,179,16
8,180,24
8,181,20
8,182,8
8,183,6
8,184,9
8,185,30
8,186,5
8,188,30
8,190,27
8,191,11
8,192,25
8,194,16
8,198,2
8,199,30
8,200,1
8,202,24
8,205,2
8,207,23
8,209,30
8,210,16
8,214,12
8,216,12
8,217,30
8,219,15
8,222,3
8,223,6
8,226,15
8,227,30
8,230,7
8,231,30
8,232,2
8,233,5
8,234,26
8,235,2
8,236,29
8,237,3
8,239,1
8,240,25
8,242,3
8,243,18
8,244,30
8,246,29
8,248,29
8,249,30
8,251,3
8,252,20
8,253,15
8,254,30
8,255,5
8,256,7
8,257,5
8,258,1
8,259,16
8,260,27
8,261,5
8,263,30
8,265,2
8,266,30
8,267,30
8,270,30
8,272,15
8,273,2
8,274,1
8,275,9
8,277,18
8,278,30
8,279,3
8,281,25
8,282,13
8,283,20
8,285,29
8,286,29
8,287,30
8,288,21
8,289,15
8,290,9
8,293,30
8,297,20
8,302,30
8,303,12
8,304,2
8,305,7
8,307,24
8,308,14
8,309,2
8,311,20
8,312,29
8,314,2
8,316,13
8,317,7
8,323,7
8,325,25
8,326,10
8,327,26
8,329,3
8,330,13
8,334,6
8,336,30
8,337,29
8,341,30
8,342,30
8,343,2
8,344,5
8,345,28
8,348,4
8,350,30
8,351,30
8,354,1
8,355,1
8,356,13
8,357,23
8,358,1
8,359,30
8,360,30
8,361,28
8,362,10
8,363,9
8,365,30
8,366,8
8,368,21
8,370,29
8,371,29
8,373,30
8,375,30
8,376,30
8,377,2
8,378,30
8,380,7
8,381,7
8,382,3
8,383,23
9,1,23
9,3,7
9,4,3
9,6,24
9,7,30
9,13,10
9,15,10
9,16,4
9,18,30
9,19,4
9,20,24
9,22,30
9,23,27
9,24,27
9,25,29
9,26,30
9,27,9
9,28,29
9,30,23
9,33,26
9,34,2
9,35,16
9,36,4
9,37,30
9,38,3
9,39,17
9,40,7
9,44,9
9,46,30
9,47,6
9,48,7
9,52,3
9,53,9
9,54,17
9,57,1
9,59,22
9,60,2
9,61,21
9,63,18
9,64,11
9,65,3
9,68,3
9,69,22
9,70,16
9,72,30
9,73,1
9,75,30
9,76,8
9,77,1
9,78,1
9,80,30
9,81,27
9,82,3
9,83,8
9,84,20
9,85,27
9,87,30
9,88,15
9,90,14
9,91,1
9,93,2
9,94,30
9,96,8
9,100,30
9,101,7
9,102,30
9,104,1
9,105,2
9,106,25
9,107,30
9,108,19
9,110,1
9,111,4
9,112,23
9,114,6
9,116,20
9,121,1
9,125,8
9,126,2
9,127,4
9,128,30
9,129,7
9,131,2
9,132,18
9,134,1
9,136,29
9,137,21
9,139,2
9,140,5
9,141,2
9,142,21
9,144,27
9,148,12
9,149,24
9,151,21
9,152,15
9,153,30
9,156,24
9,157,17
9,158,30
9,159,1
9,161,5
9,162,18
9,163,1
9,164,23
9,165,20
9,167,4
9,168,22
9,169,15
9,170,1
9,171,4
9,172,4
9,173,25
9,177,1
9,178,29
9,179,25
9,180,30
9,181,23
9,182,30
9,183,30
9,184,2
9,185,2
9,186,30
9,187,5
9,188,14
9,189,14
9,190,13
9,192,10
9,193,30
9,194,1
9,195,19
9,196,1
9,197,3
9,198,10
9,201,30
9,202,30
9,203,25
9,204,30
9,206,30
9,210,30
9,212,19
9,213,30
9,215,27
9,218,10
9,219,30
9,220,20
9,221,13
9,222,6
9,223,1
9,224,14
9,225,30
9,229,5
9,230,30
9,231,24
9,232,20
9,234,1
9,235,25
9,236,5
9,237,16
9,238,30
9,239,23
9,240,30
9,242,2
9,244,25
9,245,18
9,247,12
9,249,19
9,250,3
9,251,30
9,252,30
9,253,3
9,254,24
9,255,20
9,257,27
9,258,30
9,260,11
9,261,6
9,263,29
9,264,27
9,265,30
9,266,30
9,269,6
9,270,30
9,273,4
9,275,12
9,277,6
9,278,11
9,279,4
9,283,8
9,284,6
9,285,1
9,286,29
9,287,1
9,288,5
9,289,8
9,291,30
9,294,1
9,296,22
9,298,13
9,299,30
9,301,9
9,303,30
9,306,30
9,307,27
9,310,20
9,312,12
9,313,17
9,315,22
9,316,19
9,317,24
9,318,27
9,319,13
9,320,4
9,323,9
9,325,17
9,328,30
9,334,12
9,336,30
9,337,15
9,338,20
9,339,28
9,340,29
9,341,23
9,343,1
9,345,26
9,346,30
9,347,6
9,348,30
9,349,9
9,353,25
9,354,30
9,356,11
9,357,30
9,358,3
9,359,30
9,361,22
9,362,19
9,364,4
9,366,30
9,367,5
9,368,3
9,371,22
9,373,5
9,376,2
9,377,30
9,378,19
9,380,13
9,381,30
9,383,3
10,1,30
10,2,21
10,3,30
10,4,3
10,5,30
10,6,5
10,9,6
10,10,3
10,12,30
10,16,18
10,20,30
10,22,10
10,23,28
10,24,30
10,30,11
10,32,22
10,34,30
10,35,1
10,37,2
10,38,30
10,39,7
10,40,15
10,42,30
10,43,22
10,44,5
10,46,30
10,49,30
10,53,6
10,54,25
10,57,17
10,58,30
10,60,6
10,61,30
10,62,30
10,63,26
10,65,20
10,68,30
10,69,30
10,73,7
10,74,30
10,77,23
10,78,1
10,80,30
10,82,30
10,84,4
10,85,30
10,86,30
10,87,4
10,88,30
10,89,24
10,90,1
10,91,11
10,95,27
10,97,30
10,98,10
10,99,30
10,104,28
10,109,15
10,110,19
10,111,4
10,112,3
10,113,30
10,118,30
10,120,30
10,121,5
10,123,1
10,124,4
10,125,9
10,126,8
10,127,7
10,128,30
10,130,30
10,134,19
10,138,30
10,142,30
10,144,30
10,145,30
10,146,30
10,147,2
10,148,1
10,150,30
10,156,30
10,159,15
10,160,11
10,161,30
10,162,30
10,163,30
10,164,7
10,167,9
10,170,30
10,171,29
10,174,30
10,176,22
10,177,30
10,180,30
10,181,6
10,185,30
10,187,30
10,188,2
10,191,5
10,192,30
10,195,12
10,196,30
10,201,30
10,206,7
10,208,15
10,209,19
10,210,29
10,211,30
10,212,30
10,213,2
10,215,30
10,216,30
10,218,30
10,219,30
10,223,13
10,227,29
10,230,29
10,231,4
10,232,29
10,234,30
10,236,7
10,239,30
10,240,30
10,242,15
10,244,30
10,247,13
10,249,30
10,250,4
10,251,23
10,252,20
10,255,21
10,256,8
10,257,30
10,261,30
10,263,16
10,264,30
10,265,14
10,266,12
10,270,30
10,273,30
10,274,16
10,275,5
10,276,29
10,279,11
10,280,21
10,281,7
10,284,24
10,285,30
10,286,20
10,287,30
10,288,3
10,290,30
10,291,30
10,292,10
10,295,30
10,296,30
10,297,30
10,300,30
10,301,24
10,303,5
10,304,24
10,305,17
10,306,24
10,307,25
10,310,12
10,311,30
10,313,24
10,314,7
10,317,1
10,318,30
10,325,6
10,327,15
10,330,30
10,333,2
10,338,30
10,340,11
10,342,25
10,343,2
10,344,19
10,345,30
10,346,25
10,347,3
10,348,20
10,349,30
10,351,17
10,354,30
10,357,3
10,358,30
10,360,3
10,363,9
10,364,3
10,365,9
10,366,30
10,369,19
10,370,4
10,372,3
10,374,30
10,375,30
10,376,6
10,377,20
10,378,30
10,379,22
10,380,4
10,382,30
11,2,12
11,7,20
11,8,30
11,11,30
11,12,5
11,15,2
11,16,29
11,18,30
11,19,16
11,22,4
11,24,30
11,28,30
11,29,30
11,30,25
11,31,30
11,32,4
11,34,6
11,36,3
11,37,30
11,38,30
11,39,30
11,40,20
11,43,30
11,46,18
11,49,16
11,50,5
11,51,9
11,53,5
11,54,30
11,55,30
11,58,30
11,60,5
11,63,30
11,67,7
11,69,30
11,70,13
11,73,30
11,74,29
11,78,26
11,80,16
11,81,9
11,85,30
11,86,3
11,89,30
11,90,30
11,93,5
11,95,30
11,96,20
11,97,19
11,100,30
11,101,23
11,102,10
11,106,2
11,108,30
11,109,29
11,112,8
11,114,21
11,115,30
11,117,30
11,122,30
11,123,23
11,124,30
11,125,4
11,126,24
11,127,12
11,128,24
11,129,8
11,133,30
11,134,30
11,138,22
11,140,18
11,141,14
11,143,30
11,144,30
11,145,8
11,147,23
11,148,30
11,151,30
11,155,30
11,156,17
11,157,28
11,160,1
11,161,30
11,165,5
11,166,30
11,167,30
11,169,4
11,171,2
11,174,21
11,175,9
11,176,1
11,177,1
11,180,30
11,182,12
11,183,30
11,185,30
11,187,30
11,189,30
11,190,30
11,191,30
11,194,30
11,195,20
11,199,25
11,202,30
11,203,30
11,204,14
11,205,30
11,207,7
11,209,21
11,210,2
11,212,26
11,213,30
11,215,14
11,217,5
11,218,30
11,222,30
11,224,30
11,226,2
11,230,13
11,231,3
11,232,30
11,236,30
11,237,30
11,238,30
11,241,1
11,244,12
11,245,6
11,247,23
11,248,14
11,250,30
11,251,30
11,252,30
11,253,30
11,255,3
11,257,3
11,258,25
11,259,19
11,260,11
11,261,29
11,262,9
11,263,30
11,264,1
11,265,30
11,268,25
11,271,3
11,275,3
11,277,30
11,280,17
11,281,30
11,282,6
11,284,30
11,285,30
11,286,23
11,288,5
11,289,30
11,290,21
11,291,30
11,292,30
11,293,13
11,294,30
11,296,5
11,297,30
11,300,6
11,302,30
11,303,20
11,304,30
11,306,4
11,309,30
11,311,15
11,312,10
11,314,30
11,319,30
11,320,21
11,323,11
11,328,15
11,331,30
11,333,30
11,334,30
11,335,12
11,336,8
11,339,26
11,340,3
11,342,14
11,345,30
11,346,30
11,347,28
11,352,3
11,353,23
11,354,30
11,355,4
11,356,16
11,357,1
11,362,30
11,363,12
11,367,30
11,368,18
11,372,8
11,378,30
11,379,30
11,380,30
11,381,30
12,0,30
12,1,6
12,2,9
12,3,5
12,4,30
12,5,30
12,6,29
12,7,30
12,8,10
12,12,30
12,14,30
12,15,30
12,19,26
12,20,3
12,23,24
12,25,30
12,35,11
12,36,30
12,38,6
12,41,24
12,43,7
12,50,30
12,51,30
12,54,30
12,55,9
12,60,30
12,64,30
12,67,30
12,68,24
12,70,30
12,73,30
12,80,30
12,81,2
12,82,30
12,84,30
12,87,30
12,88,20
12,90,15
12,91,12
12,92,30
12,95,30
12,97,30
12,98,5
12,99,21
12,101,30
12,102,28
12,103,6
12,105,30
12,107,6
12,108,30
12,110,6
12,112,19
12,113,2
12,114,4
12,115,20
12,116,26
12,118,1
12,119,30
12,121,17
12,122,3
12,124,30
12,125,30
12,128,16
12,131,30
12,133,30
12,134,2
12,136,29
12,139,30
12,141,30
12,142,24
12,143,30
12,144,21
12,145,16
12,146,25
12,147,7
12,152,5
12,155,11
12,156,21
12,161,22
12,163,5
12,165,30
12,166,25
12,167,30
12,169,30
12,170,30
12,172,19
12,173,29
12,174,25
12,178,11
12,181,30
12,182,19
12,185,30
12,186,30
12,189,30
12,190,30
12,193,30
12,194,30
12,195,30
12,197,4
12,198,30
12,199,30
12,200,30
12,201,30
12,202,5
12,204,7
12,205,21
12,206,3
12,209,30
12,210,30
12,213,30
12,216,6
12,220,30
12,221,24
12,222,30
12,223,17
12,224,22
12,225,1
12,227,11
12,231,24
12,232,11
12,233,20
12,234,9
12,235,16
12,236,1
12,237,5
12,238,1
12,239,1
12,240,16
12,241,26
12,242,30
12,245,30
12,247,30
12,249,30
12,250,30
12,253,26
12,254,30
12,255,2
12,257,30
12,258,1
12,259,4
12,260,26
12,261,30
12,262,30
12,263,7
12,265,2
12,269,13
12,270,30
12,273,30
12,275,30
12,277,30
12,279,30
12,280,30
12,286,30
12,287,2
12,289,30
12,290,4
12,293,3
12,298,10
12,299,29
12,301,30
12,302,30
12,304,15
12,305,13
12,306,30
12,313,4
12,314,14
12,315,30
12,316,30
12,318,30
12,319,3
12,321,30
12,324,9
12,325,26
12,330,27
12,334,30
12,335,30
12,336,9
12,337,21
12,338,11
12,339,30
12,341,5
12,344,30
12,345,6
12,346,2
12,348,16
12,353,23
12,356,24
12,358,8
12,359,6
12,361,7
12,363,30
12,365,29
12,366,10
12,369,7
12,371,30
12,372,1
12,373,17
12,374,30
12,380,16
12,381,15
13,0,15
13,1,30
13,6,8
13,7,1
13,9,5
13,10,10
13,11,22
13,12,3
13,15,19
13,17,30
13,18,30
13,19,5
13,20,27
13,22,5
13,26,30
13,29,5
13,30,30
13,32,5
13,40,30
13,41,5
13,46,13
13,49,27
13,51,7
13,53,10
13,58,30
13,60,19
13,63,23
13,65,30
13,66,20
13,67,12
13,68,30
13,69,30
13,73,21
13,75,30
13,77,20
13,79,22
13,81,30
13,83,30
13,84,28
13,86,30
13,89,30
13,90,22
13,92,3
13,95,30
13,100,29
13,101,16
13,103,30
13,106,7
13,107,17
13,110,30
13,114,30
13,115,16
13,117,2
13,118,4
13,119,30
13,120,21
13,121,30
13,124,15
13,125,30
13,126,30
13,127,30
13,129,7
13,130,30
13,132,9
13,134,30
13,135,30
13,137,30
13,139,30
13,143,10
13,144,30
13,145,23
13,146,1
13,148,12
13,149,30
13,150,30
13,152,18
13,156,8
13,157,29
13,158,30
13,159,25
13,165,30
13,168,3
13,169,9
13,174,18
13,175,3
13,177,28
13,178,30
13,179,24
13,180,10
13,183,30
13,184,23
13,187,23
13,190,3
13,192,17
13,193,9
13,194,30
13,196,30
13,197,5
13,198,3
13,203,30
13,205,2
13,206,29
13,207,30
13,208,30
13,209,10
13,212,30
13,213,30
13,214,28
13,216,30
13,218,17
13,219,30
13,221,30
13,223,30
13,225,30
13,227,21
13,228,30
13,229,30
13,233,7
13,238,30
13,240,25
13,243,30
13,244,30
13,247,30
13,248,30
13,251,27
13,256,30
13,257,30
13,259,27
13,261,3
13,262,12
13,263,6
13,264,3
13,267,4
13,272,30
13,275,30
13,278,30
13,280,30
13,281,7
13,287,17
13,288,3
13,290,30
13,291,2
13,292,13
13,293,28
13,294,1
13,295,12
13,297,30
13,301,17
13,302,30
13,304,30
13,307,17
13,311,19
13,312,30
13,313,6
13,314,30
13,315,4
13,316,30
13,317,30
13,318,24
13,319,2
13,320,30
13,321,12
13,322,7
13,323,7
13,324,25
13,327,19
13,328,3
13,329,30
13,333,30
13,334,3
13,335,30
13,336,11
13,337,5
13,338,25
13,339,1
13,340,30
13,341,30
13,342,30
13,344,1
13,348,30
13,349,7
13,353,22
13,354,30
13,355,4
13,356,30
13,359,30
13,361,30
13,366,1
13,367,30
13,368,30
13,369,4
13,370,20
13,371,6
13,372,30
13,374,30
13,376,5
13,377,30
13,380,30
13,381,19
13,382,3
13,383,30
14,1,4
14,3,28
14,6,4
14,12,22
14,13,30
14,14,30
14,15,30
14,16,30
14,18,9
14,28,8
14,30,12
14,31,30
14,36,30
14,38,20
14,40,30
14,41,2
14,42,30
14,43,18
14,44,30
14,45,30
14,46,7
14,47,8
14,52,5
14,55,30
14,56,30
14,57,21
14,58,26
14,59,20
14,63,30
14,66,30
14,67,30
14,68,4
14,71,4
14,74,1
14,75,30
14,76,30
14,77,4
14,79,10
14,80,4
14,81,2
14,83,30
14,84,30
14,86,9
14,87,18
14,89,30
14,90,30
14,91,10
14,101,30
14,105,21
14,108,30
14,109,21
14,112,24
14,114,29
14,116,30
14,117,30
14,120,22
14,121,12
14,122,1
14,130,30
14,131,30
14,132,30
14,134,30
14,135,16
14,138,30
14,139,6
14,140,19
14,141,9
14,142,30
14,147,1
14,149,1
14,150,16
14,152,15
14,153,30
14,155,5
14,156,23
14,157,12
14,158,25
14,159,30
14,160,30
14,166,30
14,168,1
14,169,30
14,170,7
14,173,3
14,174,15
14,177,30
14,179,30
14,180,1
14,181,2
14,182,30
14,183,2
14,187,29
14,192,5
14,193,30
14,198,20
14,199,28
14,200,14
14,204,30
14,205,30
14,206,28
14,207,30
14,208,30
14,210,30
14,212,5
14,213,23
14,215,5
14,222,12
14,224,2
14,227,30
14,228,30
14,229,30
14,231,30
14,233,4
14,235,7
14,236,25
14,237,4
14,238,30
14,241,30
14,243,30
14,244,30
14,246,18
14,250,7
14,251,1
14,252,27
14,254,19
14,255,30
14,256,30
14,258,25
14,259,30
14,261,30
14,262,30
14,263,19
14,264,3
14,265,9
14,266,4
14,268,10
14,269,30
14,270,30
14,272,28
14,273,30
14,274,10
14,276,30
14,278,30
14,279,18
14,280,13
14,281,30
14,284,10
14,286,30
14,287,29
14,289,19
14,291,3
14,294,30
14,295,17
14,296,30
14,302,4
14,303,30
14,306,22
14,307,14
14,312,30
14,313,30
14,314,8
14,316,30
14,319,30
14,320,17
14,321,24
14,322,16
14,323,28
14,325,29
14,326,23
14,328,10
14,330,30
14,332,30
14,333,30
14,334,30
14,335,30
14,337,12
14,338,7
14,340,27
14,342,7
14,343,30
14,345,30
14,346,18
14,348,30
14,349,7
14,351,3
14,352,25
14,355,9
14,356,16
14,358,30
14,359,1
14,365,4
14,369,7
14,370,30
14,371,30
14,373,30
14,376,29
14,377,30
14,379,30
14,382,30
14,383,6
15,0,13
15,2,2
15,3,30
15,4,19
15,8,4
15,9,3
15,13,20
15,14,28
15,16,26
15,21,3
15,22,2
15,23,9
15,24,6
15,27,30
15,29,27
15,30,3
15,31,11
15,33,30
15,36,17
15,37,3
15,40,5
15,41,30
15,42,6
15,44,2
15,46,6
15,47,28
15,50,15
15,51,11
15,52,17
15,55,1
15,56,2
15,57,30
15,59,1
15,60,17
15,63,15
15,64,27
15,65,20
15,71,4
15,72,26
15,73,20
15,75,1
15,78,29
15,79,30
15,81,24
15,83,7
15,87,10
15,88,28
15,91,28
15,94,22
15,96,3
15,97,1
15,99,25
15,100,7
15,101,30
15,102,26
15,104,2
15,105,17
15,106,20
15,107,30
15,108,30
15,109,30
15,111,28
15,112,3
15,113,12
15,114,13
15,116,6
15,118,17
15,119,30
15,120,9
15,121,10
15,123,30
15,124,24
15,127,28
15,129,16
15,130,11
15,132,30
15,133,3
15,134,9
15,135,1
15,136,30
15,139,8
15,140,8
15,141,30
15,142,30
15,143,15
15,145,16
15,146,3
15,148,12
15,149,30
15,152,20
15,153,22
15,154,3
15,155,8
15,156,30
15,157,12
15,158,30
15,160,16
15,161,13
15,162,22
15,164,20
15,165,12
15,167,30
15,169,17
15,170,7
15,171,26
15,173,16
15,174,30
15,177,5
15,180,30
15,181,8
15,182,15
15,183,29
15,185,26
15,188,23
15,192,30
15,193,8
15,195,30
15,196,13
15,197,9
15,199,25
15,200,11
15,202,4
15,203,25
15,204,28
15,205,15
15,206,25
15,208,1
15,209,5
15,214,1
15,215,30
15,217,3
15,219,22
15,221,28
15,223,6
15,224,30
15,226,22
15,227,14
15,228,11
15,229,3
15,230,30
15,232,28
15,234,19
15,235,7
15,236,2
15,237,22
15,238,1
15,239,27
15,240,19
15,241,14
15,244,1
15,245,19
15,247,17
15,250,6
15,251,13
15,255,30
15,257,25
15,263,30
15,264,27
15,265,14
15,266,30
15,267,25
15,268,30
15,269,30
15,270,29
15,271,26
15,275,25
15,276,15
15,278,27
15,279,30
15,282,1
15,283,30
15,284,28
15,285,22
15,286,7
15,288,2
15,291,1
15,292,8
15,293,22
15,295,13
15,297,3
15,299,22
15,300,25
15,301,7
15,303,6
15,304,21
15,305,10
15,306,18
15,307,16
15,308,20
15,309,25
15,310,30
15,311,9
15,312,30
15,314,3
15,315,11
15,317,19
15,318,14
15,319,30
15,320,5
15,321,29
15,322,30
15,323,21
15,324,30
15,326,3
15,327,6
15,328,3
15,329,1
15,331,12
15,335,30
15,337,29
15,339,1
15,340,30
15,341,18
15,342,30
15,344,30
15,345,28
15,347,12
15,348,13
15,349,21
15,350,30
15,353,2
15,356,17
15,361,3
15,362,29
15,364,5
15,365,11
15,366,2
15,367,29
15,368,6
15,369,17
15,370,19
15,373,30
15,374,3
15,377,12
15,378,15
15,379,27
15,380,30
15,382,30
15,383,2
16,2,30
16,4,30
16,5,18
16,6,12
16,7,4
16,10,30
16,11,5
16,12,30
16,13,30
16,14,19
16,17,14
16,18,25
16,19,30
16,25,30
16,28,8
16,31,24
16,32,7
16,35,30
16,37,30
16,38,30
16,39,30
16,40,12
16,45,24
16,46,8
16,47,30
16,48,30
16,49,27
16,50,28
16,51,26
16,53,30
16,54,8
16,55,2
16,58,21
16,59,30
16,61,30
16,63,19
16,67,7
16,69,30
16,70,30
16,71,2
16,72,3
16,75,30
16,77,4
16,78,30
16,79,30
16,80,30
16,83,27
16,84,10
16,88,30
16,89,30
16,90,30
16,91,30
16,93,2
16,99,13
16,100,30
16,101,30
16,102,18
16,105,29
16,106,19
16,109,30
16,110,30
16,111,25
16,112,30
16,114,13
16,115,3
16,116,22
16,119,30
16,120,26
16,121,30
16,122,30
16,125,23
16,126,4
16,127,9
16,128,2
16,131,30
16,133,30
16,136,7
16,138,1
16,139,30
16,141,21
16,145,30
16,146,30
16,148,30
16,149,7
16,150,30
16,152,27
16,153,15
16,155,1
16,156,30
16,158,8
16,159,27
16,160,28
16,161,30
16,162,30
16,165,19
16,166,1
16,171,30
16,173,24
16,174,30
16,176,20
16,177,6
16,178,14
16,179,4
16,182,30
16,185,30
16,191,30
16,194,4
16,195,30
16,197,5
16,199,12
16,200,23
16,201,16
16,202,30
16,203,19
16,204,30
16,206,24
16,207,30
16,208,3
16,212,30
16,214,30
16,217,30
16,220,5
16,221,30
16,223,21
16,225,30
16,230,26
16,231,21
16,232,30
16,234,5
16,237,4
16,238,7
16,239,10
16,242,30
16,244,19
16,245,24
16,246,3
16,248,20
16,249,30
16,250,13
16,251,7
16,253,30
16,259,30
16,260,5
16,262,10
16,265,30
16,267,30
16,268,30
16,269,1
16,271,16
16,272,30
16,281,15
16,283,14
16,284,30
16,285,30
16,287,13
16,289,30
16,291,30
16,293,30
16,294,30
16,296,30
16,297,21
16,300,20
16,304,1
16,305,30
16,306,30
16,307,6
16,309,20
16,310,30
16,313,4
16,314,30
16,316,13
16,318,20
16,320,4
16,321,30
16,322,29
16,323,3
16,325,4
16,328,9
16,329,30
16,331,6
16,332,30
16,335,2
16,338,9
16,339,30
16,341,5
16,342,3
16,345,30
16,346,17
16,347,2
16,349,30
16,352,30
16,355,30
16,356,9
16,362,12
16,366,30
16,374,17
16,376,18
16,378,30
16,381,6
16,383,5
17,1,4
17,3,7
17,4,5
17,6,30
17,8,3
17,11,7
17,12,22
17,13,29
17,14,30
17,17,28
17,19,4
17,21,24
17,22,24
17,27,25
17,30,30
17,31,30
17,33,5
17,37,30
17,38,30
17,40,10
17,43,8
17,44,17
17,45,6
17,48,29
17,50,18
17,51,30
17,53,22
17,55,10
17,63,27
17,65,30
17,66,4
17,67,30
17,69,30
17,74,30
17,80,30
17,81,30
17,82,16
17,83,17
17,84,30
17,87,30
17,88,21
17,89,3
17,90,21
17,92,24
17,94,18
17,96,24
17,97,13
17,101,30
17,107,26
17,109,17
17,110,30
17,113,30
17,114,1
17,118,30
17,119,30
17,121,30
17,125,1
17,126,5
17,127,30
17,128,30
17,130,30
17,131,30
17,132,27
17,133,1
17,134,30
17,136,12
17,137,30
17,138,12
17,139,29
17,144,30
17,148,6
17,150,30
17,151,30
17,152,1
17,157,26
17,160,30
17,161,30
17,163,2
17,164,24
17,167,30
17,168,24
17,170,18
17,171,17
17,172,30
17,173,30
17,174,6
17,177,30
17,179,30
17,181,30
17,182,30
17,183,30
17,184,28
17,189,30
17,190,5
17,191,28
17,194,2
17,195,30
17,196,9
17,200,4
17,201,2
17,202,30
17,204,30
17,205,10
17,207,14
17,208,30
17,209,20
17,210,13
17,215,30
17,217,30
17,220,30
17,221,30
17,222,18
17,223,4
17,224,29
17,227,30
17,229,30
17,230,30
17,231,30
17,232,3
17,234,30
17,236,15
17,238,7
17,239,6
17,243,6
17,244,2
17,245,16
17,246,12
17,247,30
17,251,8
17,252,28
17,254,25
17,256,30
17,258,30
17,262,4
17,264,8
17,265,16
17,266,30
17,267,30
17,271,30
17,272,17
17,276,8
17,277,30
17,279,2
17,281,30
17,282,30
17,285,30
17,286,5
17,291,30
17,293,1
17,296,30
17,297,18
17,298,24
17,299,30
17,300,30
17,302,3
17,303,30
17,304,30
17,305,19
17,308,30
17,309,2
17,310,30
17,313,25
17,314,5
17,316,30
17,318,1
17,320,8
17,323,30
17,324,30
17,326,30
17,328,4
17,330,1
17,332,30
17,334,8
17,335,1
17,337,11
17,339,30
17,340,30
17,342,20
17,343,15
17,344,14
17,346,2
17,349,27
17,350,13
17,352,30
17,353,15
17,354,6
17,357,29
17,359,24
17,362,10
17,363,30
17,364,30
17,365,7
17,366,30
17,370,21
17,371,11
17,372,30
17,374,30
17,377,13
17,378,30
17,381,5
17,382,5
18,0,30
18,2,3
18,4,6
18,6,8
18,8,30
18,11,30
18,12,28
18,13,4
18,14,5
18,15,30
18,16,30
18,17,15
18,18,1
18,19,3
18,20,29
18,23,22
18,26,30
18,27,30
18,29,15
18,30,27
18,31,5
18,33,26
18,34,30
18,36,1
18,38,27
18,39,30
18,40,11
18,42,28
18,43,20
18,47,3
18,48,30
18,51,30
18,52,25
18,56,26
18,57,24
18,59,6
18,60,1
18,61,30
18,62,1
18,68,10
18,70,30
18,71,30
18,72,14
18,74,20
18,75,25
18,76,6
18,77,13
18,78,30
18,80,30
18,81,30
18,83,2
18,85,30
18,86,4
18,87,27
18,88,30
18,89,25
18,90,26
18,92,29
18,93,8
18,95,21
18,96,8
18,97,3
18,100,16
18,101,16
18,103,2
18,104,30
18,107,1
18,109,2
18,114,3
18,116,11
18,119,26
18,122,24
18,123,30
18,126,24
18,130,30
18,131,24
18,132,28
18,133,30
18,134,5
18,137,30
18,139,28
18,140,2
18,142,22
18,143,30
18,144,10
18,146,30
18,147,28
18,148,20
18,150,30
18,151,30
18,152,30
18,154,19
18,159,20
18,162,2
18,164,22
18,166,9
18,168,9
18,169,30
18,170,30
18,171,6
18,173,30
18,174,30
18,175,11
18,179,26
18,180,4
18,181,30
18,182,30
18,183,3
18,184,24
18,185,23
18,187,26
18,192,12
18,194,9
18,195,4
18,197,13
18,198,1
18,199,1
18,200,3
18,203,9
18,204,27
18,206,30
18,210,15
18,213,30
18,216,22
18,218,27
18,222,22
18,223,3
18,224,17
18,226,26
18,227,2
18,228,28
18,230,30
18,233,4
18,234,2
18,235,18
18,236,6
18,237,2
18,238,28
18,239,8
18,241,29
18,242,30
18,244,12
18,247,4
18,248,6
18,249,6
18,250,11
18,251,30
18,252,7
18,253,30
18,254,20
18,256,9
18,257,30
18,259,1
18,260,30
18,262,30
18,264,14
18,265,3
18,266,7
18,267,26
18,268,30
18,269,11
18,270,17
18,272,24
18,274,9
18,275,1
18,278,17
18,279,5
18,282,30
18,283,10
18,284,24
18,285,17
18,286,1
18,289,2
18,290,4
18,292,1
18,294,23
18,295,30
18,296,27
18,298,11
18,299,18
18,301,7
18,304,9
18,305,21
18,306,4
18,307,10
18,308,10
18,309,8
18,310,18
18,311,12
18,312,30
18,313,30
18,315,30
18,317,29
18,319,1
18,321,30
18,322,30
18,323,12
18,324,17
18,325,1
18,326,30
18,333,1
18,334,29
18,335,6
18,336,30
18,337,30
18,338,12
18,340,25
18,342,30
18,344,19
18,345,5
18,346,29
18,347,30
18,348,19
18,351,23
18,352,3
18,354,19
18,355,19
18,356,12
18,357,1
18,358,2
18,361,28
18,364,24
18,370,26
18,371,5
18,372,2
18,374,30
18,376,4
18,377,3
18,380,30
18,381,4
18,383,30
19,0,25
19,1,10
19,2,2
19,3,14
19,4,30
19,5,5
19,6,30
19,7,30
19,9,2
19,11,16
19,13,9
19,16,30
19,17,30
19,19,30
19,21,30
19,22,30
19,24,13
19,25,30
19,26,3
19,27,4
19,28,30
19,29,3
19,33,1
19,36,30
19,40,30
19,45,30
19,46,2
19,49,26
19,50,5
19,54,5
19,55,30
19,57,4
19,58,8
19,60,5
19,61,30
19,62,30
19,63,30
19,66,4
19,70,5
19,71,15
19,74,27
19,76,26
19,77,28
19,78,30
19,82,30
19,83,28
19,84,22
19,85,14
19,87,30
19,88,24
19,89,30
19,90,1
19,91,28
19,92,8
19,93,18
19,94,30
19,97,30
19,98,30
19,99,13
19,100,6
19,104,21
19,106,6
19,108,30
19,110,30
19,111,9
19,113,25
19,114,1
19,115,29
19,117,30
19,118,30
19,122,17
19,129,30
19,130,23
19,133,30
19,134,24
19,136,1
19,137,30
19,138,12
19,140,4
19,141,4
19,142,21
19,144,28
19,145,11
19,146,1
19,147,10
19,151,28
19,152,30
19,153,18
19,159,30
19,160,30
19,161,13
19,162,30
19,163,30
19,164,5
19,168,5
19,173,30
19,174,30
19,178,3
19,181,30
19,182,7
19,183,14
19,184,25
19,185,30
19,186,5
19,192,10
19,194,30
19,195,4
19,196,1
19,197,13
19,201,30
19,204,30
19,205,30
19,207,5
19,209,30
19,210,30
19,216,30
19,217,30
19,218,7
19,219,30
19,221,22
19,222,4
19,223,30
19,224,15
19,228,17
19,229,30
19,230,30
19,231,11
19,234,30
19,235,27
19,236,2
19,240,30
19,241,30
19,243,30
19,244,2
19,245,16
19,246,3
19,248,30
19,249,21
19,250,1
19,251,8
19,253,2
19,254,30
19,255,30
19,257,21
19,258,30
19,260,30
19,263,20
19,264,30
19,266,5
19,267,2
19,271,30
19,272,16
19,273,30
19,274,4
19,275,30
19,276,20
19,278,30
19,279,2
19,280,30
19,285,11
19,286,29
19,288,30
19,289,30
19,291,30
19,299,7
19,303,16
19,304,16
19,307,30
19,310,30
19,312,30
19,315,27
19,316,30
19,318,30
19,320,30
19,322,28
19,323,13
19,325,30
19,326,5
19,327,26
19,328,30
19,330,30
19,332,30
19,333,18
19,345,23
19,346,4
19,348,9
19,349,7
19,351,30
19,352,17
19,355,16
19,357,6
19,359,3
19,360,30
19,364,30
19,365,30
19,368,9
19,369,26
19,370,16
19,374,30
19,375,27
19,376,5
19,377,9
19,378,29
19,379,16
19,383,24
20,6,9
20,7,30
20,8,29
20,10,30
20,11,16
20,13,1
20,16,30
20,17,30
20,18,30
20,19,2
20,20,1
20,23,30
20,24,30
20,28,17
20,29,4
20,33,4
20,35,30
20,37,15
20,40,24
20,41,18
20,43,6
20,45,30
20,47,2
20,48,3
20,51,6
20,53,30
20,54,30
20,55,13
20,56,15
20,57,12
20,58,4
20,62,11
20,63,25
20,64,6
20,68,13
20,69,23
20,70,5
20,71,30
20,74,17
20,75,30
20,79,30
20,81,30
20,88,15
20,89,30
20,90,30
20,91,27
20,92,27
20,93,26
20,94,30
20,101,30
20,102,30
20,103,11
20,105,14
20,107,30
20,108,30
20,109,5
20,113,30
20,114,30
20,115,2
20,116,24
20,118,6
20,119,20
20,120,13
20,123,30
20,127,29
20,128,22
20,129,7
20,130,30
20,131,10
20,135,30
20,136,30
20,137,10
20,138,5
20,140,14
20,142,5
20,145,4
20,146,30
20,148,30
20,149,7
20,150,21
20,153,29
20,158,30
20,159,30
20,160,9
20,162,18
20,163,30
20,164,30
20,166,18
20,167,1
20,169,18
20,171,30
20,172,30
20,174,30
20,176,27
20,177,1
20,178,4
20,180,18
20,181,24
20,182,27
20,183,30
20,186,30
20,187,30
20,191,30
20,192,29
20,193,30
20,195,2
20,196,30
20,197,9
20,199,30
20,201,30
20,204,20
20,205,30
20,207,18
20,208,13
20,209,4
20,213,30
20,215,30
20,216,9
20,217,11
20,219,26
20,222,19
20,225,30
20,227,30
20,228,7
20,230,30
20,231,30
20,232,2
20,233,25
20,238,15
20,239,2
20,242,10
20,246,16
20,247,6
20,249,30
20,253,30
20,258,5
20,260,30
20,263,30
20,265,30
20,266,27
20,269,5
20,271,30
20,273,30
20,274,8
20,277,30
20,278,27
20,279,30
20,281,30
20,283,30
20,286,1
20,288,14
20,290,5
20,291,16
20,292,30
20,295,30
20,296,12
20,297,30
20,301,3
20,303,3
20,304,4
20,306,1
20,307,17
20,311,30
20,318,30
20,319,30
20,322,20
20,323,28
20,324,30
20,325,30
20,327,14
20,328,30
20,331,24
20,333,30
20,335,30
20,336,7
20,339,28
20,342,1
20,343,1
20,345,21
20,346,5
20,348,30
20,349,30
20,350,5
20,351,30
20,352,29
20,353,22
20,354,30
20,356,30
20,360,19
20,361,30
20,362,8
20,364,30
20,365,6
20,367,30
20,368,30
20,374,30
20,375,4
20,376,27
20,378,20
20,379,29
20,380,24
21,2,2
21,3,30
21,4,9
21,7,5
21,8,16
21,9,24
21,11,30
21,12,16
21,13,24
21,14,4
21,15,10
21,16,30
21,17,4
21,23,21
21,24,30
21,25,6
21,28,28
21,29,30
21,30,30
21,31,20
21,32,30
21,33,5
21,34,28
21,36,26
21,40,2
21,41,30
21,42,30
21,43,24
21,44,30
21,45,29
21,48,10
21,51,30
21,53,15
21,54,5
21,56,23
21,58,30
21,63,6
21,66,3
21,67,30
21,68,30
21,70,30
21,72,14
21,73,26
21,75,16
21,80,16
21,82,11
21,87,5
21,88,3
21,90,29
21,91,30
21,92,30
21,94,30
21,97,30
21,98,30
21,101,5
21,103,30
21,105,4
21,106,3
21,110,28
21,111,14
21,112,30
21,113,12
21,117,30
21,122,9
21,125,11
21,126,30
21,128,6
21,129,4
21,131,30
21,132,2
21,134,30
21,135,30
21,137,30
21,138,13
21,139,28
21,140,30
21,141,30
21,143,3
21,147,8
21,151,30
21,155,30
21,156,30
21,157,2
21,158,1
21,160,30
21,162,2
21,167,30
21,168,30
21,171,8
21,172,12
21,173,15
21,177,29
21,178,30
21,180,30
21,181,18
21,186,1
21,187,25
21,188,22
21,190,2
21,195,20
21,196,30
21,198,30
21,199,30
21,201,16
21,202,3
21,203,6
21,206,22
21,208,8
21,209,28
21,210,4
21,213,10
21,214,30
21,215,30
21,217,30
21,219,30
21,220,18
21,221,2
21,223,26
21,230,5
21,231,30
21,233,30
21,234,22
21,235,4
21,236,1
21,238,30
21,242,30
21,243,30
21,245,28
21,247,7
21,248,21
21,249,4
21,250,30
21,252,7
21,255,30
21,259,30
21,260,21
21,261,30
21,264,30
21,265,30
21,266,10
21,269,29
21,272,24
21,276,30
21,278,30
21,279,30
21,280,6
21,281,7
21,282,30
21,283,30
21,287,30
21,288,30
21,291,7
21,292,30
21,293,8
21,294,4
21,296,1
21,297,30
21,298,30
21,301,30
21,302,30
21,305,30
21,310,11
21,312,16
21,313,30
21,314,1
21,315,30
21,317,30
21,318,30
21,319,30
21,322,7
21,323,11
21,325,2
21,328,30
21,330,12
21,333,30
21,335,30
21,337,25
21,338,25
21,339,30
21,340,1
21,341,17
21,342,30
21,344,30
21,345,1
21,347,13
21,348,30
21,351,21
21,352,30
21,353,7
21,359,30
21,360,18
21,363,30
21,366,4
21,370,20
21,374,20
21,375,17
21,376,30
21,377,30
21,378,30
21,379,26
21,380,20
21,381,16
22,0,30
22,1,16
22,3,30
22,4,19
22,6,30
22,7,21
22,8,23
22,11,30
22,12,30
22,13,7
22,16,18
22,18,9
22,22,23
22,23,29
22,24,23
22,27,30
22,28,30
22,29,28
22,32,17
22,33,8
22,34,6
22,36,30
22,37,22
22,38,4
22,39,30
22,41,30
22,42,30
22,45,29
22,49,21
22,50,11
22,51,3
22,53,12
22,54,2
22,56,5
22,57,30
22,58,1
22,63,29
22,64,12
22,65,7
22,67,30
22,71,30
22,74,30
22,75,30
22,76,21
22,78,30
22,81,30
22,82,30
22,83,11
22,85,5
22,86,8
22,87,30
22,89,21
22,91,30
22,92,30
22,93,30
22,95,30
22,98,29
22,99,18
22,102,2
22,103,30
22,104,30
22,105,30
22,107,11
22,108,6
22,109,1
22,110,30
22,114,30
22,117,30
22,118,30
22,119,30
22,121,16
22,122,7
22,124,2
22,125,21
22,127,2
22,137,5
22,139,4
22,140,23
22,141,5
22,142,30
22,146,30
22,147,3
22,148,10
22,150,14
22,152,30
22,154,25
22,155,30
22,156,30
22,158,30
22,161,30
22,163,30
22,164,20
22,165,7
22,167,4
22,168,30
22,175,3
22,176,23
22,177,2
22,178,30
22,179,4
22,180,15
22,181,30
22,182,30
22,184,8
22,185,27
22,187,30
22,189,5
22,196,2
22,197,30
22,198,30
22,200,30
22,204,13
22,205,4
22,206,30
22,207,21
22,208,19
22,209,2
22,210,3
22,211,30
22,212,30
22,214,30
22,216,30
22,217,30
22,219,30
22,220,4
22,225,30
22,226,6
22,231,4
22,235,30
22,236,30
22,237,4
22,238,24
22,239,30
22,240,30
22,243,30
22,246,9
22,247,30
22,249,30
22,250,30
22,252,26
22,258,30
22,259,30
22,261,14
22,262,6
22,264,28
22,271,12
22,275,26
22,279,12
22,280,19
22,281,30
22,283,30
22,284,24
22,285,7
22,288,30
22,289,1
22,290,9
22,294,30
22,295,30
22,296,4
22,301,16
22,303,30
22,305,18
22,311,30
22,312,13
22,313,5
22,315,30
22,316,14
22,320,2
22,321,17
22,322,27
22,323,11
22,324,27
22,326,30
22,327,30
22,328,23
22,329,10
22,332,28
22,333,1
22,334,30
22,337,30
22,345,5
22,346,30
22,347,7
22,348,3
22,352,30
22,353,15
22,354,25
22,357,30
22,366,11
22,367,28
22,369,29
22,371,30
22,372,14
22,373,30
22,374,17
22,375,30
22,377,30
22,379,2
22,382,30
22,383,28
23,0,18
23,2,8
23,6,30
23,7,30
23,8,30
23,9,30
23,10,30
23,11,2
23,12,15
23,13,30
23,14,30
23,15,29
23,18,9
23,19,30
23,22,9
23,24,25
23,28,30
23,29,30
23,30,4
23,31,14
23,32,30
23,33,6
23,34,30
23,36,20
23,38,28
23,39,9
23,40,9
23,41,30
23,44,30
23,45,4
23,46,30
23,50,15
23,53,1
23,54,1
23,56,30
23,58,8
23,59,30
23,62,12
23,68,12
23,70,3
23,71,18
23,74,27
23,75,17
23,76,2
23,80,2
23,81,30
23,83,10
23,85,19
23,88,9
23,90,28
23,91,3
23,95,10
23,97,30
23,99,30
23,100,30
23,101,22
23,102,6
23,104,28
23,106,11
23,111,29
23,112,29
23,113,19
23,117,30
23,118,29
23,119,4
23,121,30
23,122,14
23,125,30
23,126,12
23,128,30
23,130,30
23,131,30
23,132,30
23,133,30
23,135,30
23,137,29
23,138,30
23,141,30
23,143,1
23,144,2
23,147,4
23,148,30
23,150,26
23,153,1
23,155,9
23,156,26
23,157,26
23,158,30
23,159,21
23,161,7
23,163,23
23,164,1
23,166,5
23,170,23
23,171,30
23,173,7
23,174,30
23,175,30
23,182,3
23,183,1
23,189,30
23,190,30
23,192,30
23,195,30
23,196,30
23,199,30
23,200,16
23,204,30
23,206,28
23,207,25
23,208,6
23,209,30
23,210,30
23,214,30
23,215,16
23,217,30
23,220,30
23,221,30
23,224,30
23,226,30
23,231,24
23,232,24
23,233,4
23,235,3
23,236,9
23,237,30
23,239,17
23,240,30
23,241,4
23,244,30
23,247,21
23,249,27
23,250,22
23,252,9
23,255,30
23,256,7
23,258,30
23,259,8
23,260,2
23,262,22
23,263,30
23,267,4
23,268,16
23,269,30
23,270,6
23,273,30
23,275,26
23,277,8
23,278,30
23,279,2
23,280,30
23,282,30
23,283,30
23,285,30
23,290,10
23,291,5
23,292,30
23,294,11
23,297,30
23,299,10
23,300,2
23,302,21
23,304,24
23,306,30
23,307,30
23,316,23
23,319,4
23,320,5
23,321,6
23,322,16
23,325,30
23,327,17
23,331,24
23,332,30
23,333,4
23,339,30
23,341,12
23,344,30
23,346,30
23,348,30
23,349,12
23,352,15
23,355,29
23,357,30
23,360,3
23,361,30
23,365,8
23,367,18
23,369,1
23,370,29
23,371,29
23,373,30
23,374,18
23,375,30
23,376,30
23,377,1
23,378,21
23,379,24
23,380,27
23,381,4
23,382,30
23,383,29
24,0,1
24,1,30
24,6,30
24,12,30
24,15,4
24,16,18
24,17,6
24,23,20
24,26,30
24,28,30
24,31,30
24,34,9
24,37,7
24,38,30
24,40,16
24,41,11
24,43,2
24,44,11
24,46,30
24,47,30
24,51,4
24,52,15
24,53,30
24,56,5
24,57,30
24,58,30
24,59,30
24,62,3
24,63,30
24,65,8
24,66,26
24,70,30
24,72,30
24,73,30
24,74,30
24,75,30
24,76,30
24,77,15
24,82,30
24,86,8
24,87,21
24,88,29
24,89,30
24,90,1
24,91,29
24,92,5
24,93,23
24,95,24
24,96,19
24,97,30
24,98,12
24,100,1
24,102,30
24,103,30
24,104,30
24,106,30
24,108,24
24,110,30
24,111,30
24,113,23
24,116,3
24,118,2
24,120,30
24,121,26
24,122,2
24,125,30
24,126,30
24,127,5
24,128,11
24,130,30
24,131,20
24,132,20
24,133,5
24,138,22
24,139,10
24,141,30
24,143,30
24,146,30
24,147,6
24,148,29
24,152,30
24,153,30
24,155,11
24,157,30
24,159,15
24,160,30
24,165,2
24,166,5
24,170,18
24,172,30
24,174,30
24,176,28
24,177,4
24,181,13
24,182,3
24,184,1
24,185,11
24,186,30
24,187,30
24,191,4
24,195,30
24,198,25
24,199,30
24,200,16
24,201,9
24,202,15
24,203,30
24,205,30
24,211,18
24,212,28
24,214,30
24,215,28
24,216,26
24,217,30
24,219,7
24,222,2
24,223,30
24,225,30
24,226,1
24,227,13
24,229,30
24,233,3
24,234,2
24,235,30
24,236,30
24,237,7
24,239,30
24,244,30
24,248,30
24,249,30
24,250,7
24,251,4
24,252,2
24,256,30
24,258,30
24,259,17
24,260,14
24,262,30
24,264,30
24,265,25
24,266,7
24,273,20
24,276,16
24,277,30
24,279,27
24,280,6
24,283,15
24,284,30
24,286,30
24,287,18
24,291,30
24,293,30
24,294,30
24,296,5
24,300,19
24,302,1
24,303,19
24,306,12
24,308,29
24,311,4
24,312,21
24,313,22
24,316,30
24,318,19
24,323,30
24,324,30
24,325,2
24,326,30
24,327,7
24,329,30
24,334,30
24,336,30
24,337,13
24,338,21
24,340,22
24,341,6
24,346,30
24,347,5
24,348,30
24,349,13
24,350,30
24,352,24
24,353,30
24,355,2
24,356,7
24,357,30
24,358,25
24,363,7
24,364,23
24,365,30
24,367,26
24,368,3
24,369,13
24,373,30
24,374,1
24,376,30
24,377,30
24,378,30
24,379,7
24,382,30
24,383,30
25,2,30
25,3,6
25,5,7
25,6,26
25,8,6
25,9,15
25,11,30
25,12,30
25,13,17
25,17,4
25,27,8
25,28,30
25,29,30
25,30,15
25,32,22
25,33,30
25,34,30
25,35,10
25,40,30
25,41,30
25,43,10
25,47,7
25,48,28
25,49,26
25,51,5
25,52,30
25,57,30
25,58,28
25,61,3
25,63,27
25,71,2
25,72,30
25,73,18
25,75,30
25,76,2
25,77,30
25,80,29
25,81,17
25,83,24
25,84,3
25,85,12
25,86,30
25,92,30
25,93,30
25,97,30
25,98,18
25,99,7
25,101,23
25,103,30
25,104,30
25,106,1
25,108,29
25,109,30
25,110,29
25,111,7
25,113,19
25,114,4
25,117,30
25,119,1
25,121,30
25,123,1
25,124,30
25,126,1
25,127,30
25,131,30
25,133,30
25,134,6
25,135,10
25,136,3
25,137,30
25,142,12
25,143,23
25,144,18
25,147,30
25,148,30
25,149,2
25,150,5
25,156,30
25,157,30
25,161,30
25,163,17
25,164,16
25,166,19
25,168,30
25,170,30
25,171,30
25,172,30
25,173,30
25,176,30
25,179,1
25,180,5
25,182,1
25,184,26
25,185,30
25,186,30
25,188,30
25,189,15
25,192,11
25,193,25
25,194,7
25,196,30
25,198,30
25,202,30
25,204,30
25,208,7
25,211,10
25,212,30
25,215,12
25,218,30
25,219,10
25,221,1
25,222,20
25,224,30
25,225,18
25,227,29
25,228,30
25,230,30
25,232,30
25,234,30
25,238,30
25,239,8
25,240,6
25,241,5
25,244,30
25,247,30
25,248,6
25,249,18
25,255,28
25,256,30
25,263,30
25,264,25
25,265,4
25,266,21
25,267,30
25,268,3
25,269,30
25,273,28
25,275,30
25,277,30
25,278,12
25,279,1
25,280,30
25,284,5
25,289,23
25,291,30
25,292,30
25,294,17
25,296,30
25,299,10
25,300,18
25,301,5
25,302,30
25,305,3
25,309,16
25,310,30
25,313,27
25,314,19
25,316,30
25,317,30
25,319,30
25,321,30
25,322,10
25,323,5
25,325,30
25,326,30
25,327,30
25,333,7
25,335,3
25,336,24
25,338,30
25,339,4
25,341,30
25,342,4
25,343,10
25,344,8
25,345,30
25,346,23
25,347,30
25,348,2
25,349,3
25,351,28
25,352,22
25,354,12
25,355,30
25,356,30
25,359,10
25,362,30
25,364,2
25,365,25
25,366,30
25,367,18
25,369,30
25,370,30
25,372,30
25,374,16
25,375,7
25,378,15
25,379,30
25,380,22
25,381,27
25,382,1
26,0,10
26,1,29
26,2,5
26,4,7
26,8,10
26,9,30
26,12,22
26,13,30
26,16,5
26,18,30
26,19,29
26,22,7
26,25,10
26,27,25
26,28,30
26,30,30
26,31,24
26,33,4
26,34,30
26,36,17
26,41,19
26,43,27
26,48,4
26,51,24
26,53,30
26,54,30
26,55,30
26,58,30
26,60,8
26,64,1
26,65,29
26,66,29
26,67,18
26,68,30
26,69,2
26,70,30
26,71,15
26,72,30
26,74,30
26,75,30
26,76,30
26,77,6
26,79,30
26,80,30
26,82,30
26,83,2
26,88,30
26,91,30
26,92,27
26,93,26
26,94,2
26,95,30
26,96,30
26,97,1
26,98,19
26,99,12
26,101,30
26,103,30
26,106,1
26,109,30
26,113,30
26,118,30
26,119,21
26,121,4
26,123,21
26,124,30
26,128,10
26,131,12
26,135,16
26,136,1
26,137,2
26,138,30
26,141,30
26,143,30
26,144,30
26,145,30
26,146,17
26,147,30
26,148,8
26,152,8
26,154,25
26,157,30
26,163,7
26,164,30
26,165,30
26,166,30
26,171,30
26,172,30
26,176,30
26,178,4
26,180,30
26,181,30
26,183,30
26,184,30
26,185,3
26,186,5
26,187,30
26,189,26
26,191,23
26,192,30
26,193,13
26,194,30
26,196,27
26,197,30
26,198,29
26,200,29
26,206,30
26,208,5
26,215,30
26,216,17
26,218,30
26,221,1
26,222,21
26,224,30
26,225,3
26,227,18
26,228,29
26,229,7
26,230,5
26,234,30
26,237,20
26,238,30
26,240,17
26,243,25
26,244,4
26,246,30
26,248,21
26,249,9
26,252,17
26,253,30
26,254,4
26,257,5
26,260,30
26,261,7
26,264,13
26,265,30
26,267,6
26,268,30
26,272,3
26,274,30
26,276,24
26,277,30
26,283,30
26,284,7
26,285,11
26,286,16
26,289,1
26,290,2
26,291,24
26,292,23
26,293,29
26,294,30
26,295,10
26,296,30
26,298,3
26,301,30
26,306,30
26,307,30
26,308,11
26,309,30
26,310,24
26,311,30
26,312,10
26,315,7
26,316,12
26,319,6
26,321,30
26,326,30
26,327,10
26,328,4
26,338,30
26,339,30
26,340,30
26,342,30
26,343,16
26,344,2
26,345,30
26,346,1
26,348,13
26,350,1
26,351,18
26,353,9
26,355,30
26,356,7
26,358,30
26,359,30
26,360,30
26,361,5
26,362,18
26,365,30
26,367,30
26,369,11
26,371,17
26,372,30
26,373,17
26,375,23
26,377,4
26,378,30
26,379,30
26,382,22
27,0,26
27,3,30
27,5,30
27,7,4
27,9,14
27,12,30
27,13,30
27,14,3
27,16,19
27,18,30
27,21,30
27,22,30
27,23,30
27,25,2
27,28,9
27,30,22
27,31,30
27,33,25
27,36,30
27,37,30
27,38,30
27,42,30
27,43,23
27,44,25
27,46,30
27,47,30
27,48,30
27,49,2
27,50,29
27,51,30
27,56,4
27,57,1
27,58,15
27,59,30
27,60,30
27,62,4
27,64,8
27,66,2
27,67,4
27,68,30
27,70,6
27,72,30
27,73,18
27,74,25
27,75,30
27,77,30
27,79,30
27,80,13
27,82,21
27,83,27
27,85,30
27,87,30
27,90,21
27,94,4
27,95,17
27,106,16
27,107,7
27,108,30
27,109,6
27,110,30
27,111,29
27,112,30
27,113,30
27,114,30
27,115,30
27,118,9
27,121,30
27,122,30
27,127,30
27,129,1
27,130,18
27,135,26
27,136,9
27,138,26
27,140,9
27,143,30
27,144,30
27,145,4
27,147,30
27,148,30
27,150,4
27,151,30
27,153,1
27,154,17
27,155,9
27,157,30
27,160,30
27,161,30
27,162,27
27,165,16
27,166,7
27,167,25
27,169,23
27,170,20
27,172,30
27,173,3
27,174,17
27,176,30
27,177,30
27,178,3
27,180,30
27,181,30
27,185,7
27,186,21
27,188,30
27,192,9
27,194,13
27,197,9
27,198,12
27,201,30
27,202,4
27,206,18
27,209,30
27,212,30
27,213,17
27,215,20
27,216,30
27,217,2
27,218,30
27,219,28
27,224,30
27,229,30
27,230,5
27,231,25
27,234,3
27,236,1
27,238,8
27,241,30
27,244,6
27,245,7
27,247,30
27,249,23
27,252,10
27,253,30
27,254,30
27,255,18
27,257,30
27,258,30
27,260,21
27,262,2
27,264,30
27,266,30
27,268,5
27,271,30
27,273,11
27,274,21
27,275,30
27,278,26
27,280,30
27,281,15
27,282,30
27,284,30
27,286,29
27,287,28
27,291,8
27,294,18
27,295,30
27,297,16
27,299,12
27,300,11
27,304,1
27,309,30
27,310,30
27,317,30
27,318,29
27,319,30
27,322,6
27,323,30
27,324,30
27,326,13
27,327,29
27,328,30
27,331,4
27,332,30
27,338,1
27,343,30
27,344,30
27,345,30
27,346,30
27,347,13
27,348,30
27,350,8
27,351,19
27,352,10
27,353,25
27,355,3
27,359,5
27,361,9
27,363,7
27,364,16
27,365,30
27,368,1
27,371,1
27,374,30
27,376,30
27,377,4
27,379,30
27,381,6
27,382,30
27,383,8
28,0,17
28,1,29
28,3,30
28,4,30
28,9,7
28,10,21
28,15,23
28,19,29
28,21,30
28,22,30
28,24,17
28,25,2
28,28,12
28,29,3
28,32,30
28,36,1
28,37,25
28,38,30
28,42,30
28,45,11
28,46,30
28,47,30
28,48,30
28,50,21
28,51,30
28,53,1
28,56,5
28,58,30
28,59,30
28,64,7
28,65,7
28,67,30
28,68,13
28,69,30
28,71,30
28,74,17
28,76,4
28,78,30
28,83,30
28,84,18
28,87,30
28,90,17
28,92,23
28,95,30
28,97,17
28,99,30
28,107,30
28,108,3
28,109,30
28,110,17
28,111,4
28,114,21
28,115,30
28,117,30
28,119,30
28,120,30
28,123,30
28,124,30
28,128,30
28,129,30
28,130,30
28,131,3
28,132,30
28,133,5
28,134,30
28,138,5
28,140,26
28,141,7
28,142,30
28,143,30
28,144,30
28,145,11
28,147,7
28,150,30
28,154,15
28,155,7
28,156,30
28,159,30
28,160,29
28,161,15
28,163,30
28,164,2
28,165,7
28,167,3
28,169,30
28,172,30
28,173,30
28,174,5
28,176,18
28,177,30
28,178,30
28,180,2
28,181,28
28,182,11
28,185,8
28,186,30
28,189,13
28,191,11
28,194,26
28,196,30
28,197,26
28,198,29
28,199,19
28,200,7
28,201,30
28,203,30
28,205,26
28,209,4
28,212,30
28,213,30
28,216,1
28,217,21
28,218,30
28,219,30
28,221,30
28,222,30
28,225,4
28,226,4
28,227,24
28,228,1
28,230,9
28,231,30
28,233,30
28,234,30
28,235,16
28,237,5
28,240,29
28,245,30
28,246,22
28,247,30
28,249,30
28,251,30
28,253,30
28,255,16
28,256,2
28,257,22
28,260,30
28,261,27
28,265,6
28,266,19
28,267,1
28,270,3
28,271,12
28,272,10
28,273,21
28,282,2
28,283,30
28,284,19
28,285,30
28,291,3
28,293,30
28,295,26
28,297,10
28,300,7
28,303,30
28,304,4
28,305,30
28,306,7
28,312,23
28,313,5
28,317,1
28,321,30
28,323,16
28,324,29
28,326,6
28,327,1
28,328,30
28,331,29
28,332,16
28,333,30
28,335,24
28,336,5
28,337,30
28,338,8
28,341,30
28,342,30
28,343,5
28,344,30
28,345,2
28,346,30
28,347,9
28,348,28
28,352,30
28,354,17
28,355,9
28,356,30
28,359,9
28,361,7
28,362,30
28,364,23
28,367,30
28,368,10
28,369,21
28,371,12
28,372,30
28,373,30
28,376,30
28,379,30
28,380,27
28,382,30
29,2,6
29,4,7
29,5,5
29,6,2
29,10,9
29,12,26
29,13,30
29,15,4
29,19,24
29,20,16
29,22,21
29,23,5
29,24,30
29,27,22
29,28,30
29,31,12
29,33,19
29,34,1
29,35,10
29,36,1
29,37,30
29,38,30
29,39,18
29,40,25
29,41,4
29,44,30
29,46,30
29,48,15
29,51,6
29,52,1
29,53,29
29,57,30
29,60,16
29,61,30
29,62,8
29,63,6
29,64,12
29,65,30
29,70,30
29,71,21
29,73,20
29,74,1
29,75,30
29,78,30
29,80,30
29,81,23
29,82,30
29,85,21
29,88,30
29,93,30
29,96,30
29,98,30
29,100,18
29,102,11
29,103,30
29,105,30
29,106,30
29,111,5
29,113,17
29,115,30
29,120,26
29,121,5
29,122,30
29,123,30
29,124,26
29,125,30
29,127,30
29,128,30
29,129,4
29,130,1
29,131,30
29,132,30
29,133,30
29,135,30
29,136,16
29,137,30
29,138,12
29,140,16
29,141,29
29,142,30
29,145,30
29,148,8
29,150,5
29,151,2
29,153,30
29,155,30
29,156,19
29,157,4
29,162,13
29,163,17
29,164,30
29,165,30
29,166,30
29,167,30
29,169,10
29,170,30
29,182,30
29,185,11
29,186,30
29,188,16
29,189,30
29,191,1
29,193,2
29,194,8
29,196,30
29,197,24
29,199,2
29,202,13
29,203,23
29,204,30
29,206,7
29,207,3
29,208,18
29,210,28
29,211,30
29,212,30
29,213,30
29,215,30
29,217,30
29,218,30
29,219,30
29,220,30
29,221,3
29,222,6
29,223,30
29,228,9
29,229,8
29,230,6
29,231,5
29,233,6
29,234,26
29,236,28
29,237,7
29,238,30
29,241,10
29,242,30
29,244,14
29,246,30
29,249,30
29,252,8
29,253,30
29,255,2
29,261,15
29,262,30
29,263,30
29,264,30
29,267,30
29,269,30
29,272,25
29,273,30
29,275,30
29,280,9
29,283,17
29,285,30
29,288,30
29,290,21
29,291,6
29,292,14
29,294,4
29,297,30
29,299,30
29,302,30
29,304,3
29,306,30
29,308,21
29,309,30
29,310,21
29,311,21
29,312,25
29,316,28
29,317,30
29,319,1
29,320,30
29,325,30
29,330,28
29,334,7
29,337,1
29,341,26
29,343,30
29,347,3
29,348,6
29,350,30
29,353,30
29,355,30
29,356,29
29,359,30
29,364,30
29,365,3
29,366,3
29,369,7
29,371,16
29,372,13
29,373,30
29,374,29
29,376,5
29,378,30
29,380,30
29,381,23
29,382,28
29,383,30
30,2,29
30,3,12
30,11,5
30,13,4
30,14,4
30,16,30
30,20,27
30,21,7
30,22,1
30,27,30
30,29,7
30,34,30
30,36,4
30,38,25
30,39,30
30,41,30
30,44,2
30,49,7
30,50,2
30,52,30
30,55,30
30,56,30
30,57,20
30,59,30
30,61,11
30,65,30
30,66,30
30,68,30
30,69,30
30,71,10
30,72,4
30,73,21
30,76,9
30,77,30
30,82,30
30,84,1
30,87,5
30,90,4
30,91,30
30,92,30
30,93,19
30,97,30
30,99,30
30,100,18
30,101,23
30,102,30
30,106,30
30,107,10
30,108,3
30,109,30
30,111,4
30,113,30
30,114,27
30,116,30
30,117,30
30,121,19
30,122,30
30,125,27
30,126,21
30,127,30
30,128,30
30,132,7
30,133,3
30,134,3
30,136,23
30,138,9
30,139,25
30,140,1
30,142,7
30,144,18
30,145,30
30,151,30
30,153,9
30,156,17
30,159,30
30,163,17
30,165,30
30,168,30
30,169,30
30,170,30
30,171,11
30,175,7
30,176,2
30,177,30
30,178,30
30,179,30
30,181,30
30,185,30
30,186,6
30,187,5
30,189,30
30,191,5
30,192,27
30,194,29
30,195,30
30,196,7
30,202,30
30,204,30
30,206,2
30,208,30
30,212,30
30,214,15
30,218,30
30,219,30
30,222,30
30,223,16
30,224,17
30,225,16
30,230,7
30,232,12
30,233,30
30,235,1
30,238,1
30,240,26
30,241,30
30,242,22
30,246,30
30,248,11
30,249,30
30,250,12
30,252,29
30,253,30
30,254,30
30,255,16
30,258,7
30,259,29
30,260,30
30,262,12
30,263,27
30,264,30
30,267,30
30,269,30
30,271,30
30,273,14
30,274,20
30,275,30
30,276,3
30,277,8
30,278,28
30,279,10
30,282,30
30,284,30
30,286,30
30,287,12
30,289,30
30,292,30
30,296,19
30,297,19
30,298,30
30,299,4
30,301,30
30,302,30
30,304,25
30,305,30
30,307,30
30,308,30
30,309,2
30,313,15
30,315,22
30,316,30
30,317,30
30,318,30
30,319,30
30,320,30
30,321,28
30,322,30
30,323,3
30,328,7
30,329,24
30,331,7
30,332,30
30,336,3
30,337,30
30,338,19
30,339,30
30,340,24
30,342,7
30,343,30
30,344,17
30,346,30
30,349,3
30,351,2
30,353,9
30,354,4
30,355,29
30,357,1
30,358,16
30,359,30
30,360,21
30,362,17
30,363,30
30,365,30
30,367,1
30,369,22
30,370,30
30,371,30
30,375,23
30,377,21
30,379,4
30,382,11
31,1,30
31,5,30
31,7,30
31,10,17
31,12,30
31,15,7
31,16,30
31,17,30
31,18,2
31,19,30
31,22,21
31,23,30
31,25,30
31,28,30
31,29,30
31,31,14
31,34,28
31,37,4
31,38,30
31,41,30
31,42,25
31,45,30
31,48,2
31,49,7
31,52,26
31,56,2
31,58,30
31,60,25
31,63,12
31,64,24
31,70,30
31,72,21
31,75,2
31,76,22
31,80,12
31,86,30
31,87,4
31,89,30
31,90,3
31,91,20
31,92,29
31,93,24
31,94,30
31,96,30
31,97,30
31,99,1
31,100,26
31,101,30
31,102,30
31,104,30
31,105,30
31,106,7
31,108,30
31,110,12
31,111,1
31,114,1
31,116,30
31,117,30
31,118,3
31,119,30
31,121,30
31,124,4
31,127,4
31,130,30
31,131,2
31,133,10
31,134,30
31,135,6
31,138,1
31,139,30
31,141,30
31,143,6
31,145,30
31,149,30
31,150,30
31,151,30
31,153,4
31,154,3
31,156,7
31,158,20
31,159,2
31,160,30
31,161,30
31,162,30
31,164,7
31,165,8
31,166,30
31,168,9
31,170,2
31,172,30
31,176,10
31,178,27
31,179,3
31,181,6
31,182,11
31,185,30
31,186,30
31,188,23
31,192,29
31,194,30
31,196,30
31,197,17
31,198,30
31,203,29
31,205,30
31,207,30
31,213,12
31,215,30
31,216,1
31,218,30
31,220,30
31,221,30
31,225,7
31,226,7
31,228,30
31,231,7
31,232,30
31,233,22
31,234,30
31,236,30
31,240,8
31,241,30
31,243,25
31,244,16
31,248,16
31,249,30
31,251,30
31,252,30
31,254,12
31,255,16
31,256,30
31,257,11
31,258,30
31,261,4
31,263,13
31,264,11
31,271,7
31,272,30
31,273,30
31,274,30
31,276,7
31,278,10
31,279,1
31,283,28
31,285,18
31,287,20
31,288,19
31,291,30
31,292,25
31,296,17
31,297,30
31,298,30
31,299,28
31,300,30
31,301,30
31,303,30
31,304,2
31,305,30
31,306,24
31,307,24
31,309,30
31,311,15
31,312,2
31,316,4
31,318,30
31,320,10
31,321,29
31,323,30
31,324,4
31,326,4
31,329,20
31,330,30
31,332,8
31,333,30
31,336,30
31,337,30
31,338,18
31,339,21
31,342,7
31,343,16
31,344,15
31,345,5
31,348,30
31,349,4
31,350,7
31,356,24
31,358,30
31,359,30
31,361,16
31,365,28
31,367,22
31,369,4
31,371,30
31,372,16
31,373,27
31,376,30
31,377,15
31,379,30
31,382,19
31,383,30
32,1,17
32,7,3
32,8,24
32,12,19
32,15,4
32,16,30
32,17,12
32,19,30
32,20,30
32,21,30
32,22,2
32,26,8
32,27,12
32,28,7
32,29,9
32,30,30
32,36,30
32,37,24
32,42,13
32,43,18
32,45,30
32,46,20
32,47,30
32,48,3
32,49,30
32,50,4
32,52,4
32,53,30
32,54,1
32,55,30
32,56,30
32,57,30
32,59,29
32,63,6
32,65,6
32,68,30
32,70,30
32,73,30
32,75,11
32,76,30
32,78,20
32,80,23
32,81,5
32,83,2
32,85,30
32,87,4
32,89,6
32,90,30
32,91,30
32,92,30
32,93,30
32,97,13
32,102,14
32,107,30
32,108,30
32,110,30
32,111,18
32,113,30
32,117,30
32,118,8
32,120,30
32,124,27
32,125,21
32,128,2
32,130,28
32,132,27
32,133,23
32,134,30
32,138,10
32,140,17
32,142,30
32,144,2
32,145,2
32,148,30
32,149,30
32,150,28
32,153,1
32,154,13
32,156,7
32,157,18
32,159,30
32,161,30
32,162,22
32,164,24
32,169,7
32,170,30
32,177,23
32,178,30
32,181,30
32,182,30
32,184,23
32,185,11
32,186,5
32,189,30
32,190,30
32,193,30
32,195,30
32,198,30
32,199,30
32,200,18
32,202,12
32,205,4
32,206,30
32,208,30
32,210,17
32,213,19
32,214,30
32,216,30
32,219,30
32,222,30
32,223,8
32,224,30
32,225,1
32,226,22
32,230,7
32,233,2
32,234,30
32,235,16
32,237,4
32,238,4
32,239,17
32,241,30
32,242,29
32,243,7
32,245,2
32,246,30
32,248,2
32,251,30
32,252,16
32,253,3
32,254,30
32,255,10
32,259,30
32,260,1
32,261,30
32,262,26
32,265,20
32,267,8
32,268,13
32,270,30
32,272,30
32,273,30
32,276,30
32,286,30
32,288,1
32,290,7
32,295,30
32,296,4
32,298,9
32,302,27
32,303,20
32,304,30
32,305,30
32,306,17
32,309,30
32,310,19
32,311,3
32,312,24
32,313,30
32,315,29
32,316,30
32,317,12
32,318,30
32,320,5
32,321,1
32,323,30
32,326,17
32,328,30
32,329,30
32,330,30
32,331,30
32,333,7
32,336,30
32,337,30
32,338,5
32,339,30
32,341,26
32,342,30
32,345,30
32,346,30
32,348,7
32,349,30
32,351,30
32,352,30
32,357,30
32,358,4
32,362,29
32,363,2
32,364,24
32,367,10
32,368,30
32,372,7
32,373,30
32,374,28
32,375,26
32,377,29
32,378,10
32,380,14
32,382,11
32,383,30
33,5,30
33,6,25
33,7,30
33,9,30
33,11,10
33,13,8
33,17,2
33,20,4
33,21,4
33,22,30
33,23,30
33,25,30
33,26,18
33,27,30
33,29,17
33,32,2
33,35,7
33,38,30
33,39,30
33,40,30
33,42,12
33,47,16
33,48,30
33,51,30
33,53,30
33,54,30
33,57,30
33,60,7
33,62,7
33,63,30
33,64,30
33,66,30
33,68,22
33,69,17
33,70,30
33,74,8
33,75,30
33,76,30
33,77,30
33,79,17
33,82,2
33,88,1
33,89,23
33,90,4
33,91,30
33,93,30
33,94,30
33,95,20
33,100,3
33,101,30
33,105,26
33,107,30
33,109,14
33,112,16
33,113,1
33,116,2
33,118,30
33,119,30
33,120,30
33,122,3
33,124,21
33,128,12
33,130,30
33,131,27
33,132,30
33,133,22
33,137,4
33,138,7
33,139,30
33,142,30
33,145,30
33,146,27
33,147,30
33,151,9
33,154,1
33,155,30
33,156,2
33,158,5
33,159,7
33,161,15
33,164,1
33,165,9
33,166,29
33,168,20
33,170,16
33,171,4
33,172,30
33,173,29
33,175,4
33,176,30
33,178,4
33,179,2
33,180,30
33,181,18
33,182,1
33,183,13
33,184,28
33,185,30
33,186,30
33,188,30
33,190,30
33,191,30
33,192,24
33,194,6
33,198,30
33,199,30
33,201,30
33,202,30
33,203,1
33,206,30
33,209,16
33,211,7
33,216,30
33,219,30
33,221,30
33,223,30
33,225,30
33,226,12
33,228,30
33,229,30
33,231,26
33,233,14
33,235,7
33,237,11
33,238,8
33,240,30
33,242,30
33,243,5
33,244,27
33,246,21
33,250,4
33,252,21
33,254,30
33,257,17
33,258,30
33,259,4
33,260,11
33,262,4
33,263,30
33,267,30
33,268,30
33,270,14
33,271,30
33,276,8
33,277,19
33,278,12
33,279,6
33,281,30
33,282,23
33,283,29
33,287,9
33,289,30
33,290,30
33,291,29
33,296,6
33,299,4
33,301,30
33,302,30
33,303,30
33,307,9
33,309,30
33,311,21
33,312,3
33,314,22
33,316,8
33,317,30
33,319,30
33,321,30
33,322,30
33,324,19
33,325,30
33,329,12
33,331,10
33,332,30
33,334,30
33,335,23
33,336,28
33,337,30
33,339,30
33,343,4
33,344,30
33,347,24
33,348,30
33,350,16
33,352,11
33,353,29
33,356,27
33,357,26
33,358,30
33,360,30
33,361,30
33,362,2
33,363,18
33,368,30
33,370,26
33,372,1
33,374,3
33,377,7
33,379,30
33,382,23
34,0,30
34,2,17
34,4,2
34,8,30
34,9,30
34,10,30
34,11,30
34,12,30
34,16,30
34,17,30
34,18,30
34,20,30
34,21,30
34,23,1
34,24,17
34,25,2
34,26,4
34,28,30
34,34,30
34,35,30
34,36,2
34,38,4
34,39,10
34,41,19
34,42,23
34,43,30
34,44,6
34,45,9
34,46,28
34,48,25
34,50,1
34,51,30
34,54,30
34,55,14
34,57,30
34,58,30
34,59,30
34,60,5
34,61,17
34,62,17
34,63,4
34,64,30
34,65,7
34,67,10
34,69,30
34,71,30
34,74,30
34,75,2
34,77,4
34,78,30
34,81,30
34,82,30
34,86,9
34,87,17
34,88,16
34,91,10
34,96,30
34,101,30
34,102,5
34,105,30
34,106,20
34,112,7
34,115,14
34,117,30
34,118,29
34,120,8
34,122,4
34,123,16
34,124,12
34,125,30
34,130,6
34,131,30
34,132,1
34,136,30
34,138,30
34,139,24
34,140,30
34,141,2
34,142,1
34,143,30
34,146,4
34,148,30
34,149,18
34,150,29
34,151,30
34,152,30
34,153,6
34,154,22
34,156,16
34,157,21
34,158,1
34,159,22
34,160,25
34,161,29
34,162,23
34,164,12
34,170,30
34,174,30
34,180,30
34,181,29
34,183,30
34,184,7
34,185,20
34,187,30
34,190,4
34,192,28
34,193,4
34,194,3
34,196,8
34,198,7
34,202,30
34,204,29
34,205,30
34,206,30
34,208,21
34,209,5
34,210,28
34,212,30
34,217,4
34,221,30
34,222,23
34,223,26
34,225,12
34,226,3
34,231,12
34,232,7
34,235,30
34,238,21
34,239,30
34,240,30
34,243,2
34,244,7
34,245,30
34,248,30
34,249,30
34,250,30
34,251,30
34,253,2
34,257,2
34,259,12
34,264,30
34,266,16
34,268,7
34,269,30
34,273,17
34,274,26
34,280,24
34,282,30
34,287,30
34,289,30
34,291,30
34,292,16
34,293,7
34,295,30
34,296,2
34,298,10
34,299,30
34,302,30
34,306,1
34,307,1
34,309,4
34,310,12
34,311,30
34,313,30
34,314,24
34,315,7
34,316,19
34,317,26
34,318,11
34,320,30
34,325,30
34,326,1
34,327,11
34,329,30
34,330,30
34,332,30
34,334,20
34,335,30
34,336,30
34,337,16
34,338,18
34,339,30
34,343,30
34,347,30
34,348,30
34,351,7
34,354,30
34,356,29
34,358,8
34,362,4
34,363,23
34,364,30
34,365,30
34,369,9
34,370,30
34,371,25
34,372,26
34,375,30
34,376,30
34,379,30
34,382,30
35,2,30
35,3,13
35,5,2
35,8,5
35,9,30
35,11,1
35,12,30
35,13,30
35,17,30
35,19,30
35,20,10
35,21,30
35,23,15
35,25,30
35,26,30
35,27,1
35,30,25
35,32,30
35,33,30
35,35,15
35,37,30
35,42,23
35,43,30
35,44,26
35,47,25
35,48,30
35,52,30
35,54,29
35,55,30
35,57,18
35,58,30
35,59,11
35,60,8
35,64,3
35,66,7
35,67,30
35,68,30
35,69,16
35,73,30
35,77,30
35,78,18
35,79,20
35,81,30
35,82,30
35,83,7
35,84,17
35,86,30
35,87,28
35,88,30
35,89,30
35,93,1
35,94,30
35,95,7
35,96,26
35,99,24
35,100,30
35,101,29
35,104,30
35,105,16
35,106,20
35,107,30
35,108,30
35,109,30
35,113,15
35,115,5
35,116,30
35,117,11
35,122,7
35,123,29
35,124,3
35,126,23
35,127,30
35,130,4
35,131,30
35,132,5
35,133,5
35,139,4
35,142,30
35,143,20
35,147,8
35,148,27
35,153,3
35,159,30
35,162,30
35,163,30
35,166,29
35,167,7
35,168,23
35,170,30
35,174,19
35,175,30
35,176,30
35,177,30
35,178,30
35,181,11
35,182,7
35,184,28
35,185,30
35,186,30
35,190,30
35,191,1
35,194,13
35,195,11
35,196,30
35,197,17
35,200,16
35,201,17
35,202,30
35,203,4
35,208,30
35,209,4
35,210,10
35,211,10
35,212,30
35,215,20
35,218,28
35,219,22
35,221,30
35,223,30
35,228,30
35,229,30
35,231,30
35,232,30
35,233,23
35,234,30
35,235,30
35,237,30
35,238,22
35,239,7
35,243,30
35,245,30
35,251,14
35,252,4
35,254,30
35,257,30
35,260,30
35,262,17
35,263,30
35,266,22
35,267,20
35,269,29
35,271,2
35,273,7
35,274,28
35,276,30
35,277,30
35,282,4
35,283,30
35,284,20
35,285,30
35,286,30
35,289,6
35,292,30
35,297,2
35,298,4
35,300,5
35,305,25
35,307,30
35,308,7
35,310,24
35,313,30
35,314,7
35,316,30
35,318,6
35,319,30
35,320,30
35,321,4
35,322,30
35,323,12
35,326,30
35,327,30
35,330,1
35,333,30
35,334,6
35,336,30
35,337,14
35,338,9
35,339,4
35,340,1
35,341,30
35,344,12
35,351,3
35,352,2
35,354,5
35,355,30
35,356,1
35,357,16
35,359,30
35,362,23
35,363,26
35,364,2
35,365,30
35,366,30
35,368,30
35,369,11
35,370,1
35,371,9
35,375,2
35,381,15
35,383,16
36,0,30
36,4,30
36,6,7
36,7,30
36,8,28
36,9,1
36,13,30
36,16,4
36,17,14
36,18,30
36,20,30
36,21,8
36,24,24
36,26,30
36,29,3
36,32,30
36,35,5
36,36,30
36,37,27
36,40,4
36,41,18
36,43,16
36,44,26
36,46,7
36,47,22
36,48,30
36,49,18
36,50,30
36,51,30
36,53,2
36,54,30
36,55,15
36,56,30
36,58,30
36,59,12
36,62,7
36,63,30
36,64,6
36,66,30
36,69,30
36,71,30
36,73,29
36,75,18
36,76,30
36,77,22
36,80,12
36,82,30
36,83,29
36,84,3
36,87,5
36,89,24
36,91,28
36,92,30
36,93,30
36,94,4
36,95,30
36,99,8
36,100,30
36,102,30
36,104,29
36,105,15
36,106,12
36,107,16
36,108,30
36,109,30
36,111,30
36,112,30
36,115,8
36,116,8
36,117,1
36,118,27
36,121,30
36,123,30
36,125,30
36,126,1
36,127,30
36,128,2
36,129,2
36,131,30
36,132,30
36,133,2
36,134,29
36,139,30
36,143,30
36,144,17
36,147,30
36,149,30
36,151,30
36,155,6
36,158,17
36,161,30
36,166,30
36,168,9
36,169,23
36,171,30
36,173,4
36,177,3
36,179,10
36,180,13
36,181,30
36,182,30
36,183,10
36,185,30
36,188,30
36,190,5
36,193,17
36,195,12
36,196,30
36,198,30
36,200,30
36,201,22
36,207,17
36,213,29
36,214,30
36,217,28
36,219,17
36,220,4
36,221,2
36,225,23
36,230,7
36,232,30
36,234,24
36,235,22
36,236,30
36,238,30
36,239,28
36,240,30
36,241,1
36,244,30
36,246,23
36,248,30
36,249,29
36,251,30
36,252,30
36,255,21
36,257,18
36,260,7
36,262,16
36,263,5
36,264,12
36,267,9
36,269,23
36,270,30
36,272,30
36,273,30
36,276,30
36,277,3
36,278,30
36,283,3
36,285,30
36,286,7
36,287,16
36,289,30
36,293,30
36,294,4
36,297,17
36,300,30
36,302,30
36,307,30
36,308,7
36,309,30
36,310,30
36,317,30
36,319,30
36,320,2
36,322,13
36,323,1
36,324,30
36,325,12
36,330,30
36,331,30
36,333,21
36,334,4
36,336,10
36,341,4
36,342,30
36,343,30
36,344,30
36,345,30
36,348,26
36,349,5
36,350,26
36,351,30
36,354,10
36,355,4
36,356,8
36,357,12
36,358,1
36,359,1
36,361,21
36,362,24
36,363,22
36,367,2
36,371,30
36,374,30
36,376,21
36,377,30
36,378,7
36,380,7
36,383,30
37,1,30
37,2,30
37,7,30
37,10,6
37,12,30
37,14,11
37,17,30
37,20,14
37,21,30
37,22,30
37,23,2
37,25,4
37,26,30
37,27,2
37,33,27
37,35,30
37,37,1
37,40,4
37,41,30
37,42,30
37,44,4
37,45,30
37,46,30
37,47,30
37,51,30
37,52,29
37,53,7
37,55,29
37,57,30
37,61,15
37,63,27
37,64,7
37,66,11
37,69,30
37,70,1
37,74,7
37,75,30
37,76,13
37,79,2
37,81,24
37,82,30
37,84,30
37,88,30
37,94,30
37,98,18
37,101,4
37,102,27
37,103,30
37,104,30
37,105,30
37,107,30
37,108,1
37,114,7
37,117,3
37,118,5
37,119,5
37,120,1
37,126,30
37,128,22
37,129,23
37,131,30
37,132,10
37,133,30
37,134,21
37,136,2
37,138,30
37,144,7
37,146,30
37,147,30
37,148,30
37,149,18
37,150,19
37,151,30
37,152,6
37,153,13
37,154,30
37,156,30
37,157,3
37,158,30
37,159,30
37,160,30
37,163,26
37,166,30
37,167,25
37,169,30
37,173,21
37,174,18
37,177,30
37,178,11
37,182,30
37,183,26
37,184,30
37,185,30
37,187,30
37,188,19
37,189,30
37,193,16
37,194,7
37,195,18
37,196,27
37,197,30
37,199,30
37,200,4
37,202,2
37,206,30
37,207,30
37,208,30
37,209,4
37,210,1
37,211,30
37,213,30
37,216,29
37,217,7
37,220,5
37,221,18
37,224,30
37,225,7
37,226,2
37,227,21
37,228,30
37,229,14
37,230,30
37,235,13
37,236,29
37,238,23
37,239,16
37,240,30
37,242,19
37,246,9
37,248,2
37,249,30
37,250,23
37,251,30
37,252,5
37,253,7
37,254,1
37,255,17
37,260,30
37,264,30
37,266,30
37,267,18
37,271,10
37,274,23
37,275,16
37,279,30
37,283,30
37,284,23
37,287,22
37,289,3
37,290,30
37,291,30
37,292,30
37,293,30
37,295,30
37,298,11
37,299,15
37,300,26
37,303,4
37,304,30
37,308,12
37,309,2
37,311,2
37,314,6
37,315,30
37,319,30
37,320,20
37,321,30
37,322,30
37,323,30
37,326,13
37,327,30
37,328,30
37,331,30
37,332,27
37,333,15
37,335,30
37,336,3
37,337,11
37,341,4
37,342,4
37,344,30
37,345,10
37,346,10
37,347,9
37,350,30
37,353,30
37,355,30
37,357,30
37,363,30
37,365,30
37,366,6
37,368,7
37,371,30
37,372,20
37,373,20
37,374,28
37,375,14
37,377,28
37,378,7
37,381,29
38,1,22
38,6,30
38,8,10
38,9,30
38,10,5
38,11,22
38,12,6
38,13,9
38,18,3
38,22,16
38,23,7
38,24,7
38,26,30
38,27,4
38,29,20
38,30,28
38,32,17
38,35,30
38,36,17
38,37,6
38,39,30
38,43,30
38,44,11
38,47,30
38,48,27
38,50,30
38,51,1
38,57,30
38,58,30
38,60,4
38,62,4
38,65,21
38,67,4
38,69,30
38,71,9
38,72,7
38,73,7
38,74,11
38,75,9
38,79,1
38,80,30
38,81,30
38,83,29
38,85,1
38,87,16
38,88,27
38,89,24
38,92,7
38,95,30
38,97,25
38,99,4
38,103,30
38,104,30
38,105,6
38,106,6
38,108,30
38,110,5
38,111,23
38,114,30
38,116,30
38,117,21
38,118,24
38,120,30
38,121,9
38,122,17
38,126,30
38,127,4
38,128,9
38,132,12
38,133,30
38,137,1
38,138,2
38,139,24
38,141,30
38,142,30
38,143,10
38,144,13
38,149,30
38,150,17
38,151,30
38,152,30
38,154,28
38,156,30
38,160,8
38,165,30
38,168,14
38,169,12
38,174,30
38,175,27
38,176,27
38,180,30
38,181,1
38,182,17
38,184,19
38,185,30
38,191,30
38,192,23
38,193,30
38,194,30
38,195,30
38,196,30
38,197,30
38,199,17
38,200,22
38,201,17
38,204,7
38,210,30
38,211,30
38,213,30
38,215,30
38,216,29
38,221,9
38,222,29
38,223,30
38,224,10
38,226,1
38,228,27
38,229,30
38,230,12
38,231,1
38,234,30
38,236,30
38,237,21
38,238,2
38,240,30
38,241,7
38,242,27
38,243,30
38,244,2
38,245,30
38,246,30
38,247,30
38,250,23
38,253,30
38,254,19
38,255,30
38,256,30
38,261,17
38,263,21
38,265,2
38,267,30
38,268,30
38,272,16
38,273,3
38,276,30
38,277,30
38,280,29
38,283,30
38,284,4
38,288,30
38,290,3
38,295,30
38,296,30
38,297,5
38,298,30
38,299,30
38,301,30
38,302,7
38,303,30
38,304,4
38,305,30
38,307,1
38,308,26
38,310,16
38,312,3
38,313,30
38,315,8
38,321,2
38,322,12
38,323,30
38,328,30
38,329,14
38,330,30
38,334,2
38,335,23
38,337,30
38,340,1
38,342,30
38,344,30
38,345,23
38,347,30
38,348,30
38,349,30
38,351,14
38,352,30
38,357,28
38,360,16
38,363,30
38,364,30
38,367,11
38,369,30
38,371,30
38,372,5
38,374,3
38,376,30
38,378,30
38,379,4
38,380,30
38,381,30
38,382,30
38,383,30
39,1,30
39,2,30
39,6,19
39,7,30
39,9,30
39,11,10
39,12,23
39,13,11
39,14,2
39,16,30
39,18,30
39,19,12
39,21,30
39,23,2
39,26,6
39,28,30
39,31,27
39,33,30
39,34,30
39,35,30
39,36,8
39,38,5
39,39,30
39,42,4
39,44,30
39,45,30
39,47,30
39,51,4
39,52,30
39,53,30
39,59,16
39,61,30
39,62,7
39,64,10
39,66,30
39,67,9
39,69,30
39,70,7
39,72,1
39,74,30
39,75,5
39,76,23
39,79,23
39,80,15
39,82,30
39,84,30
39,85,7
39,89,3
39,94,29
39,95,30
39,96,6
39,98,27
39,100,30
39,101,19
39,104,30
39,107,21
39,108,24
39,109,7
39,111,30
39,116,17
39,119,5
39,121,4
39,122,23
39,123,30
39,124,30
39,125,30
39,127,30
39,132,1
39,134,30
39,139,30
39,141,12
39,142,19
39,143,6
39,144,2
39,146,23
39,148,3
39,149,16
39,153,30
39,156,20
39,158,30
39,160,30
39,161,21
39,164,30
39,166,30
39,169,21
39,171,14
39,172,7
39,174,28
39,178,4
39,179,26
39,180,30
39,182,30
39,183,28
39,184,30
39,185,1
39,186,30
39,187,10
39,188,4
39,189,30
39,193,7
39,195,30
39,196,7
39,197,29
39,199,17
39,200,12
39,201,27
39,202,10
39,203,30
39,204,16
39,205,7
39,208,5
39,210,1
39,212,17
39,213,1
39,214,4
39,217,30
39,218,30
39,224,30
39,225,30
39,226,30
39,229,1
39,232,30
39,234,2
39,235,2
39,236,29
39,237,30
39,241,23
39,245,30
39,247,30
39,248,2
39,250,7
39,251,8
39,252,14
39,253,29
39,257,30
39,259,19
39,260,30
39,261,30
39,262,30
39,263,21
39,264,2
39,265,30
39,266,16
39,268,1
39,270,16
39,274,10
39,275,30
39,276,30
39,278,30
39,279,16
39,281,29
39,282,26
39,283,30
39,285,4
39,287,30
39,291,1
39,292,30
39,293,17
39,295,30
39,296,25
39,301,5
39,304,30
39,305,30
39,306,30
39,307,30
39,308,30
39,311,6
39,312,17
39,313,30
39,314,30
39,316,23
39,318,30
39,319,4
39,323,12
39,326,26
39,330,30
39,331,24
39,332,30
39,334,4
39,335,30
39,339,30
39,340,30
39,341,30
39,342,30
39,343,30
39,344,23
39,349,13
39,350,30
39,352,12
39,353,30
39,354,30
39,355,18
39,357,10
39,359,5
39,362,5
39,365,10
39,375,30
39,377,28
39,380,30
39,381,30
40,2,16
40,3,17
40,5,30
40,8,30
40,9,2
40,10,18
40,11,29
40,12,7
40,13,1
40,14,30
40,15,30
40,16,30
40,20,30
40,21,11
40,22,30
40,23,30
40,25,10
40,26,30
40,27,3
40,28,30
40,32,17
40,37,30
40,39,11
40,40,23
40,42,20
40,43,16
40,47,11
40,49,21
40,50,27
40,51,30
40,52,29
40,54,30
40,55,6
40,57,12
40,60,30
40,61,30
40,62,29
40,63,30
40,66,14
40,70,30
40,71,21
40,73,4
40,76,30
40,78,30
40,79,30
40,80,30
40,84,30
40,85,7
40,87,24
40,88,30
40,89,30
40,90,22
40,91,3
40,92,4
40,94,30
40,97,30
40,99,7
40,100,4
40,101,30
40,102,16
40,106,3
40,107,30
40,108,30
40,110,5
40,111,30
40,112,22
40,114,7
40,115,30
40,116,30
40,119,21
40,122,8
40,125,12
40,126,30
40,128,28
40,130,30
40,134,11
40,137,25
40,139,30
40,143,30
40,145,7
40,146,22
40,148,30
40,149,30
40,151,26
40,152,27
40,156,2
40,157,22
40,158,14
40,160,8
40,161,30
40,163,6
40,169,30
40,171,29
40,173,26
40,174,10
40,175,30
40,176,30
40,177,30
40,178,30
40,179,30
40,181,30
40,182,30
40,183,7
40,184,30
40,187,30
40,188,2
40,189,16
40,190,30
40,191,30
40,193,16
40,197,30
40,200,22
40,201,1
40,203,18
40,204,2
40,205,30
40,206,30
40,211,9
40,212,4
40,214,17
40,218,28
40,219,30
40,220,30
40,221,30
40,222,2
40,223,30
40,224,30
40,226,16
40,230,30
40,231,30
40,234,30
40,237,7
40,238,19
40,240,11
40,242,30
40,243,30
40,244,13
40,251,24
40,256,30
40,258,29
40,259,1
40,260,19
40,261,30
40,263,5
40,264,15
40,265,3
40,268,1
40,269,27
40,270,3
40,271,30
40,272,1
40,274,1
40,278,30
40,279,30
40,280,30
40,282,22
40,293,4
40,294,30
40,297,15
40,299,30
40,303,4
40,304,26
40,306,7
40,309,4
40,312,7
40,315,30
40,318,30
40,320,30
40,325,8
40,327,14
40,328,30
40,329,25
40,331,4
40,332,4
40,335,7
40,338,30
40,339,30
40,344,4
40,346,30
40,350,30
40,352,2
40,353,1
40,354,22
40,356,30
40,357,7
40,359,3
40,360,30
40,364,30
40,365,11
40,366,30
40,367,30
40,368,23
40,369,30
40,375,16
40,376,10
40,378,30
40,379,3
40,380,9
40,381,28
40,382,30
41,0,30
41,3,2
41,5,2
41,6,10
41,7,30
41,9,2
41,11,4
41,12,28
41,14,10
41,15,30
41,17,26
41,18,5
41,19,30
41,21,30
41,23,29
41,24,4
41,26,20
41,27,29
41,29,2
41,31,7
41,32,11
41,33,30
41,34,30
41,41,5
41,42,7
41,48,30
41,51,20
41,54,30
41,58,17
41,59,1
41,60,6
41,63,4
41,64,30
41,67,13
41,68,30
41,71,30
41,76,20
41,77,30
41,80,4
41,82,30
41,90,30
41,91,1
41,93,7
41,96,30
41,97,4
41,99,25
41,101,23
41,102,30
41,103,30
41,104,4
41,105,7
41,106,18
41,107,22
41,111,2
41,112,30
41,113,23
41,116,8
41,117,1
41,118,30
41,119,30
41,121,19
41,125,30
41,127,29
41,128,26
41,129,21
41,130,30
41,134,30
41,135,11
41,136,30
41,137,30
41,140,29
41,141,30
41,142,30
41,143,30
41,146,30
41,147,4
41,148,8
41,149,1
41,150,4
41,152,12
41,153,30
41,154,30
41,155,30
41,156,30
41,157,30
41,158,30
41,159,30
41,160,20
41,162,18
41,165,30
41,167,7
41,169,30
41,170,30
41,173,23
41,174,30
41,175,20
41,176,6
41,177,7
41,181,11
41,183,8
41,186,5
41,187,30
41,188,30
41,190,30
41,193,30
41,195,4
41,196,7
41,202,6
41,204,30
41,206,30
41,208,7
41,211,16
41,212,30
41,213,30
41,214,30
41,216,1
41,217,30
41,221,16
41,222,10
41,223,30
41,225,30
41,228,10
41,229,27
41,231,10
41,232,19
41,233,22
41,236,23
41,237,4
41,238,30
41,240,26
41,242,27
41,245,30
41,246,30
41,250,4
41,251,30
41,255,16
41,264,30
41,267,30
41,269,26
41,270,30
41,274,17
41,276,14
41,278,17
41,279,30
41,280,25
41,281,16
41,283,30
41,287,7
41,288,30
41,289,28
41,290,30
41,291,30
41,292,30
41,294,30
41,295,30
41,297,30
41,298,2
41,301,30
41,303,7
41,307,27
41,308,30
41,311,14
41,312,20
41,315,22
41,317,30
41,318,12
41,319,16
41,321,3
41,322,30
41,323,30
41,324,30
41,329,30
41,334,23
41,337,7
41,338,30
41,340,30
41,341,30
41,342,12
41,345,30
41,346,30
41,347,17
41,348,1
41,349,2
41,351,27
41,354,30
41,360,12
41,361,30
41,363,1
41,364,3
41,365,30
41,369,18
41,371,28
41,372,4
41,373,30
41,374,1
41,375,15
41,379,30
41,380,11
41,382,30
41,383,30
42,2,30
42,4,30
42,5,30
42,6,24
42,8,7
42,11,30
42,12,30
42,13,4
42,15,30
42,17,30
42,18,20
42,21,30
42,22,21
42,24,30
42,25,15
42,26,30
42,30,20
42,31,30
42,32,12
42,33,30
42,34,13
42,36,16
42,40,30
42,41,5
42,42,30
42,43,4
42,47,15
42,48,30
42,49,24
42,50,5
42,52,30
42,54,30
42,56,30
42,57,1
42,59,15
42,61,30
42,62,5
42,63,30
42,66,30
42,72,27
42,74,30
42,75,30
42,76,30
42,78,30
42,81,29
42,82,17
42,83,3
42,85,10
42,87,29
42,89,12
42,93,4
42,96,30
42,97,30
42,99,2
42,100,30
42,104,7
42,105,30
42,106,5
42,108,30
42,110,16
42,112,17
42,114,2
42,115,30
42,118,30
42,119,30
42,120,30
42,121,30
42,122,2
42,123,1
42,130,23
42,131,30
42,134,11
42,136,14
42,137,30
42,138,30
42,140,30
42,142,30
42,143,2
42,144,1
42,145,30
42,148,30
42,154,25
42,156,24
42,157,29
42,158,30
42,159,30
42,165,10
42,166,2
42,167,30
42,168,9
42,170,20
42,172,30
42,173,4
42,177,30
42,180,15
42,182,30
42,187,27
42,189,28
42,190,30
42,195,30
42,198,30
42,202,30
42,204,30
42,206,30
42,207,30
42,210,30
42,213,4
42,217,1
42,218,6
42,220,14
42,222,30
42,225,26
42,226,17
42,227,30
42,228,22
42,229,30
42,230,5
42,233,30
42,236,30
42,238,7
42,240,29
42,242,30
42,243,30
42,245,28
42,246,1
42,247,4
42,248,30
42,250,20
42,251,3
42,253,30
42,255,15
42,256,30
42,258,30
42,259,22
42,260,5
42,261,7
42,264,30
42,265,6
42,269,7
42,270,30
42,272,4
42,273,30
42,274,23
42,275,28
42,276,16
42,278,17
42,280,30
42,282,30
42,285,19
42,286,30
42,288,3
42,292,13
42,296,1
42,299,9
42,303,10
42,304,23
42,306,9
42,307,30
42,314,5
42,316,30
42,317,30
42,322,30
42,323,8
42,324,30
42,325,19
42,326,30
42,327,1
42,329,30
42,331,9
42,333,17
42,335,18
42,337,7
42,339,13
42,340,6
42,341,30
42,343,23
42,344,30
42,346,28
42,348,30
42,349,30
42,350,28
42,351,1
42,353,26
42,355,11
42,356,30
42,357,2
42,358,30
42,360,6
42,363,24
42,366,19
42,368,12
42,369,10
42,370,15
42,371,25
42,375,30
42,376,7
42,378,30
42,379,6
42,380,5
42,381,4
43,0,30
43,7,30
43,12,30
43,13,26
43,14,3
43,15,30
43,17,30
43,20,5
43,22,30
43,23,11
43,27,12
43,31,9
43,32,30
43,35,23
43,36,2
43,37,28
43,38,30
43,40,30
43,43,9
43,44,28
43,48,30
43,51,30
43,52,30
43,55,30
43,56,17
43,58,10
43,59,6
43,60,30
43,62,29
43,65,29
43,67,29
43,69,4
43,70,25
43,71,30
43,72,2
43,75,30
43,76,30
43,80,30
43,82,30
43,83,7
43,84,30
43,85,29
43,88,7
43,90,27
43,93,12
43,94,30
43,97,30
43,99,30
43,101,30
43,103,22
43,104,30
43,105,19
43,107,30
43,108,30
43,110,30
43,111,30
43,114,30
43,118,2
43,119,10
43,120,30
43,121,14
43,123,10
43,125,30
43,127,28
43,128,16
43,129,30
43,132,18
43,137,30
43,139,30
43,144,24
43,145,30
43,149,15
43,150,9
43,151,23
43,153,30
43,158,4
43,159,28
43,161,7
43,162,30
43,163,30
43,166,30
43,170,21
43,175,30
43,176,30
43,177,30
43,178,23
43,180,30
43,183,30
43,184,2
43,185,30
43,190,30
43,192,1
43,193,30
43,194,30
43,195,30
43,196,7
43,197,11
43,200,4
43,201,1
43,202,17
43,203,30
43,206,13
43,207,24
43,208,12
43,209,30
43,213,2
43,215,30
43,216,30
43,218,17
43,219,30
43,221,3
43,223,30
43,224,5
43,225,4
43,226,19
43,227,30
43,229,30
43,235,7
43,237,30
43,240,28
43,242,24
43,244,4
43,245,30
43,251,30
43,252,1
43,253,4
43,254,30
43,256,3
43,258,30
43,259,29
43,260,30
43,262,15
43,266,19
43,269,19
43,270,30
43,271,2
43,272,9
43,274,21
43,275,30
43,276,30
43,277,4
43,278,30
43,279,30
43,280,7
43,282,5
43,283,30
43,285,7
43,286,1
43,288,12
43,289,19
43,293,30
43,294,26
43,296,13
43,297,30
43,298,15
43,302,5
43,305,6
43,308,2
43,309,18
43,310,30
43,311,3
43,312,4
43,315,30
43,319,5
43,323,21
43,325,6
43,327,30
43,329,8
43,330,4
43,334,10
43,335,18
43,336,30
43,337,9
43,338,1
43,340,30
43,341,7
43,342,3
43,344,30
43,346,26
43,349,30
43,350,15
43,352,13
43,353,30
43,355,17
43,356,25
43,357,30
43,358,30
43,359,30
43,362,1
43,367,17
43,369,18
43,370,30
43,371,30
43,374,24
43,376,30
43,378,12
43,379,24
43,380,3
43,381,19
43,382,30
44,1,25
44,2,30
44,4,17
44,6,1
44,7,7
44,8,30
44,9,23
44,10,5
44,12,12
44,14,17
44,15,30
44,17,12
44,19,27
44,20,30
44,22,30
44,24,27
44,25,30
44,28,11
44,29,4
44,31,7
44,32,14
44,35,11
44,40,30
44,42,30
44,44,30
44,47,29
44,49,1
44,50,30
44,51,30
44,52,30
44,53,27
44,54,19
44,55,30
44,57,9
44,59,30
44,62,21
44,63,18
44,64,7
44,67,18
44,68,4
44,69,3
44,70,23
44,71,4
44,72,6
44,73,10
44,77,30
44,78,10
44,79,30
44,80,30
44,82,30
44,87,20
44,88,30
44,89,7
44,90,30
44,91,30
44,94,26
44,95,6
44,97,17
44,101,8
44,104,30
44,105,30
44,109,4
44,112,13
44,113,30
44,114,30
44,115,29
44,117,2
44,118,16
44,120,30
44,124,27
44,126,30
44,135,30
44,136,16
44,138,30
44,139,30
44,143,23
44,145,30
44,147,30
44,148,30
44,149,12
44,150,11
44,151,30
44,153,1
44,155,30
44,156,10
44,159,11
44,160,30
44,161,28
44,162,22
44,164,4
44,165,1
44,166,30
44,168,30
44,170,30
44,172,23
44,173,16
44,176,19
44,179,7
44,180,30
44,184,30
44,186,30
44,187,30
44,188,1
44,189,30
44,190,19
44,191,30
44,192,16
44,193,30
44,195,30
44,197,24
44,199,30
44,204,30
44,206,30
44,209,30
44,210,10
44,216,30
44,218,30
44,222,11
44,224,30
44,225,30
44,227,30
44,228,30
44,229,25
44,234,30
44,235,7
44,237,3
44,238,30
44,239,13
44,240,17
44,241,30
44,243,13
44,245,20
44,246,7
44,253,1
44,254,1
44,255,30
44,256,29
44,258,6
44,260,30
44,262,2
44,264,16
44,265,30
44,266,30
44,268,30
44,274,12
44,276,4
44,278,30
44,283,30
44,284,30
44,285,3
44,287,7
44,289,10
44,290,30
44,292,30
44,293,9
44,294,8
44,296,30
44,298,3
44,299,25
44,300,20
44,301,30
44,304,26
44,306,30
44,308,2
44,310,30
44,311,13
44,313,30
44,315,26
44,318,30
44,320,29
44,323,30
44,324,30
44,325,1
44,327,4
44,336,4
44,337,30
44,340,19
44,341,26
44,343,12
44,344,21
44,345,30
44,346,8
44,347,3
44,350,30
44,353,7
44,356,1
44,357,28
44,361,21
44,362,25
44,365,30
44,367,30
44,368,30
44,369,28
44,372,2
44,374,4
44,376,18
44,377,6
44,378,30
44,380,2
44,381,6
44,382,30
45,0,9
45,3,30
45,6,5
45,7,9
45,8,30
45,11,30
45,19,30
45,20,30
45,21,19
45,22,11
45,23,30
45,26,29
45,29,30
45,32,30
45,33,30
45,35,30
45,36,30
45,38,10
45,39,30
45,40,30
45,41,30
45,45,30
45,46,6
45,48,30
45,50,28
45,51,16
45,52,30
45,54,6
45,55,30
45,57,30
45,59,30
45,62,9
45,65,17
45,68,25
45,70,30
45,73,30
45,74,6
45,75,12
45,77,1
45,79,21
45,85,16
45,86,30
45,89,30
45,90,30
45,93,30
45,97,30
45,98,14
45,99,11
45,100,30
45,101,10
45,104,3
45,105,30
45,107,9
45,108,30
45,109,30
45,111,16
45,114,2
45,115,3
45,118,8
45,121,1
45,122,4
45,124,30
45,125,30
45,128,9
45,129,3
45,131,1
45,134,3
45,138,17
45,139,4
45,146,30
45,152,20
45,153,20
45,154,30
45,157,24
45,158,30
45,159,4
45,160,30
45,163,30
45,164,30
45,165,30
45,167,30
45,168,30
45,171,10
45,173,3
45,176,30
45,177,24
45,179,30
45,181,30
45,182,1
45,183,2
45,184,3
45,185,30
45,186,19
45,187,30
45,188,30
45,189,30
45,190,7
45,191,30
45,193,7
45,194,24
45,195,28
45,198,30
45,201,30
45,203,7
45,206,7
45,213,21
45,214,28
45,215,30
45,217,22
45,222,30
45,223,24
45,224,4
45,226,21
45,228,3
45,229,26
45,230,20
45,234,8
45,236,6
45,238,30
45,239,17
45,241,23
45,244,4
45,246,30
45,248,30
45,253,6
45,256,30
45,258,25
45,261,24
45,262,30
45,264,30
45,265,18
45,266,25
45,267,30
45,268,4
45,270,13
45,271,30
45,272,9
45,273,17
45,274,14
45,275,10
45,276,10
45,277,7
45,280,30
45,283,30
45,284,30
45,285,4
45,287,30
45,288,30
45,289,30
45,290,30
45,291,6
45,292,23
45,294,29
45,296,30
45,297,30
45,298,1
45,299,13
45,300,1
45,304,30
45,306,29
45,308,5
45,309,20
45,310,15
45,313,29
45,318,29
45,319,11
45,320,30
45,321,30
45,322,30
45,324,11
45,326,20
45,328,3
45,330,30
45,331,30
45,332,15
45,333,28
45,334,26
45,335,30
45,338,28
45,342,30
45,344,21
45,349,30
45,351,1
45,352,7
45,353,14
45,355,5
45,356,29
45,357,30
45,358,30
45,360,1
45,361,25
45,363,18
45,364,3
45,365,9
45,367,30
45,368,30
45,370,30
45,375,2
45,378,30
45,383,19
46,0,6
46,1,8
46,5,30
46,7,30
46,8,30
46,10,7
46,11,30
46,12,11
46,13,30
46,14,18
46,16,30
46,17,15
46,18,30
46,19,12
46,20,30
46,22,2
46,23,10
46,25,30
46,27,30
46,29,8
46,30,4
46,31,30
46,32,18
46,33,9
46,37,29
46,38,30
46,39,1
46,41,26
46,42,30
46,45,30
46,46,3
46,47,8
46,49,21
46,51,23
46,52,6
46,53,3
46,57,30
46,58,30
46,59,30
46,60,6
46,64,29
46,66,30
46,67,30
46,68,29
46,69,1
46,70,5
46,72,12
46,74,30
46,75,29
46,78,5
46,79,30
46,80,30
46,82,29
46,83,30
46,84,7
46,85,30
46,86,23
46,87,5
46,91,30
46,92,30
46,94,30
46,96,30
46,101,30
46,103,14
46,105,30
46,107,9
46,109,30
46,113,30
46,114,27
46,116,26
46,117,30
46,118,20
46,119,30
46,121,30
46,122,29
46,123,2
46,124,30
46,131,30
46,132,30
46,134,15
46,138,2
46,141,17
46,144,7
46,147,12
46,150,30
46,151,30
46,153,29
46,155,30
46,156,30
46,158,30
46,159,30
46,161,6
46,165,30
46,171,17
46,172,30
46,174,25
46,175,6
46,178,18
46,179,23
46,180,4
46,181,16
46,182,12
46,188,24
46,189,30
46,190,27
46,192,30
46,194,30
46,198,30
46,200,4
46,205,2
46,206,30
46,212,30
46,213,21
46,214,6
46,217,22
46,220,6
46,221,4
46,222,30
46,223,14
46,225,22
46,228,30
46,229,30
46,235,30
46,238,1
46,239,30
46,241,30
46,243,30
46,246,30
46,247,29
46,249,29
46,250,13
46,251,17
46,252,30
46,253,30
46,256,30
46,258,29
46,260,21
46,261,7
46,262,30
46,266,30
46,267,3
46,268,1
46,269,11
46,271,22
46,272,30
46,274,30
46,278,4
46,279,10
46,284,16
46,285,2
46,286,4
46,287,17
46,289,7
46,291,1
46,293,23
46,295,30
46,296,30
46,297,11
46,298,29
46,304,30
46,305,11
46,309,30
46,310,16
46,311,6
46,313,30
46,314,30
46,315,23
46,316,6
46,317,16
46,318,10
46,323,30
46,324,6
46,327,3
46,328,27
46,329,30
46,332,18
46,335,16
46,337,6
46,338,23
46,340,30
46,343,30
46,345,26
46,346,28
46,348,30
46,349,3
46,351,30
46,352,8
46,354,30
46,356,30
46,359,30
46,361,30
46,362,3
46,365,25
46,366,19
46,369,9
46,370,17
46,371,1
46,372,2
46,375,30
46,381,1
47,0,24
47,2,2
47,4,9
47,5,30
47,6,30
47,7,19
47,8,21
47,10,30
47,15,30
47,16,22
47,17,30
47,18,30
47,19,9
47,22,30
47,24,21
47,25,18
47,27,4
47,28,6
47,29,30
47,33,29
47,35,18
47,37,7
47,38,19
47,39,10
47,45,1
47,47,30
47,49,30
47,50,30
47,51,7
47,52,2
47,53,30
47,57,29
47,60,18
47,61,15
47,65,27
47,71,30
47,73,5
47,74,23
47,75,11
47,77,30
47,78,6
47,79,8
47,80,30
47,83,12
47,84,30
47,86,4
47,88,30
47,91,30
47,92,30
47,93,28
47,94,1
47,95,30
47,96,30
47,98,30
47,100,30
47,104,30
47,109,3
47,110,23
47,115,6
47,116,4
47,118,14
47,121,6
47,123,30
47,124,15
47,125,22
47,130,27
47,131,26
47,132,30
47,136,30
47,137,30
47,138,3
47,144,30
47,145,2
47,146,30
47,147,30
47,149,18
47,150,30
47,151,30
47,152,27
47,153,30
47,155,2
47,156,30
47,157,21
47,165,30
47,166,11
47,167,14
47,169,29
47,171,22
47,173,30
47,175,3
47,178,30
47,179,4
47,182,30
47,185,26
47,187,30
47,190,16
47,194,4
47,196,23
47,197,8
47,199,30
47,203,11
47,204,30
47,207,8
47,208,30
47,209,20
47,211,22
47,215,29
47,216,30
47,217,30
47,218,26
47,219,30
47,222,26
47,223,30
47,224,8
47,226,30
47,227,30
47,229,22
47,232,29
47,234,6
47,235,30
47,239,16
47,240,30
47,242,30
47,245,12
47,247,30
47,248,30
47,250,17
47,256,4
47,257,10
47,258,30
47,260,29
47,261,3
47,262,5
47,263,30
47,264,8
47,266,30
47,267,30
47,268,30
47,269,20
47,270,28
47,271,30
47,272,2
47,274,30
47,275,30
47,276,17
47,278,7
47,279,30
47,283,30
47,285,12
47,288,30
47,289,30
47,291,5
47,292,27
47,294,13
47,295,24
47,297,9
47,301,5
47,302,30
47,304,28
47,305,30
47,306,7
47,307,30
47,309,17
47,310,30
47,314,1
47,315,5
47,316,1
47,321,29
47,322,20
47,323,30
47,326,16
47,327,24
47,332,30
47,335,30
47,337,30
47,339,8
47,341,15
47,344,8
47,348,4
47,351,13
47,354,30
47,355,5
47,356,30
47,357,11
47,359,30
47,362,7
47,364,25
47,366,26
47,370,30
47,371,3
47,373,30
47,374,6
47,375,30
47,376,1
47,377,30
47,378,30
47,379,1
47,380,2
47,382,5
47,383,30
48,0,30
48,1,30
48,4,30
48,5,30
48,6,30
48,8,27
48,12,23
48,17,14
48,19,8
48,20,22
48,21,30
48,23,8
48,26,30
48,27,23
48,28,30
48,30,20
48,32,12
48,34,24
48,37,30
48,38,30
48,39,1
48,40,30
48,41,20
48,42,30
48,45,15
48,48,29
48,49,5
48,53,30
48,55,6
48,56,30
48,59,30
48,61,30
48,62,30
48,66,30
48,67,30
48,68,20
48,70,30
48,71,21
48,72,16
48,73,30
48,74,7
48,84,29
48,85,27
48,87,30
48,90,21
48,92,11
48,93,5
48,94,2
48,95,29
48,97,6
48,98,18
48,99,30
48,100,30
48,102,29
48,104,30
48,105,15
48,115,21
48,116,9
48,117,30
48,118,2
48,122,30
48,125,30
48,128,4
48,131,29
48,132,30
48,134,19
48,135,11
48,139,1
48,140,30
48,141,30
48,143,30
48,144,4
48,145,28
48,146,3
48,147,3
48,149,30
48,150,29
48,151,1
48,152,29
48,154,22
48,156,13
48,159,1
48,161,2
48,162,30
48,167,2
48,169,5
48,171,30
48,173,3
48,174,9
48,176,30
48,177,30
48,178,17
48,179,30
48,180,30
48,185,30
48,190,13
48,193,4
48,194,7
48,195,10
48,196,30
48,199,25
48,201,30
48,202,17
48,204,18
48,206,30
48,207,30
48,211,30
48,212,11
48,213,30
48,214,8
48,216,30
48,217,15
48,218,20
48,219,2
48,220,29
48,221,30
48,222,30
48,223,30
48,224,23
48,226,26
48,228,30
48,230,30
48,231,30
48,232,30
48,233,6
48,234,4
48,235,30
48,236,22
48,239,30
48,240,26
48,242,4
48,243,25
48,247,30
48,249,9
48,250,30
48,252,2
48,256,30
48,257,26
48,259,29
48,260,30
48,262,4
48,264,30
48,265,30
48,269,18
48,270,21
48,271,30
48,272,30
48,274,26
48,275,30
48,277,1
48,278,5
48,279,30
48,281,25
48,283,6
48,287,8
48,288,9
48,293,30
48,295,30
48,298,8
48,300,30
48,304,7
48,305,2
48,307,5
48,308,30
48,313,21
48,314,30
48,315,30
48,316,20
48,318,4
48,321,15
48,322,4
48,323,1
48,326,19
48,327,1
48,328,17
48,330,8
48,331,6
48,335,7
48,337,8
48,338,23
48,339,29
48,340,13
48,341,28
48,342,8
48,343,3
48,351,25
48,353,12
48,356,30
48,358,28
48,359,30
48,360,22
48,367,1
48,368,30
48,370,14
48,371,30
48,372,30
48,374,30
48,375,30
48,376,30
48,379,5
48,381,23
48,382,1
49,1,6
49,4,30
49,5,30
49,7,30
49,8,5
49,10,10
49,13,24
49,17,30
49,18,30
49,19,6
49,20,30
49,21,14
49,22,30
49,24,10
49,25,27
49,26,19
49,28,29
49,32,30
49,37,23
49,40,21
49,45,30
49,48,30
49,49,19
49,52,30
49,53,30
49,55,30
49,56,10
49,59,3
49,65,30
49,66,3
49,68,18
49,71,2
49,73,14
49,75,14
49,80,8
49,81,10
49,83,27
49,84,2
49,86,30
49,87,30
49,89,30
49,93,30
49,94,2
49,96,30
49,102,20
49,103,29
49,105,26
49,106,6
49,107,30
49,111,15
49,114,30
49,115,30
49,118,23
49,119,4
49,123,3
49,124,30
49,125,5
49,129,30
49,130,30
49,131,8
49,132,30
49,134,29
49,135,8
49,136,30
49,137,29
49,141,30
49,142,30
49,145,1
49,147,8
49,149,4
49,150,2
49,153,29
49,154,20
49,155,16
49,156,30
49,157,20
49,161,4
49,162,22
49,163,13
49,166,3
49,170,10
49,171,1
49,173,18
49,174,3
49,177,30
49,182,2
49,184,30
49,185,19
49,188,5
49,189,29
49,192,10
49,193,26
49,194,9
49,195,30
49,196,6
49,197,28
49,199,19
49,202,30
49,204,5
49,205,30
49,206,27
49,207,30
49,208,8
49,211,30
49,212,5
49,214,30
49,217,30
49,218,30
49,223,30
49,224,20
49,225,13
49,229,23
49,230,20
49,231,30
49,232,10
49,233,8
49,234,30
49,236,16
49,237,28
49,239,30
49,240,30
49,241,22
49,242,30
49,243,1
49,244,26
49,245,21
49,247,30
49,248,8
49,249,30
49,251,30
49,254,23
49,256,27
49,257,30
49,262,17
49,263,30
49,264,30
49,265,30
49,269,30
49,270,30
49,271,30
49,274,30
49,276,30
49,277,30
49,278,28
49,279,30
49,282,25
49,284,30
49,285,5
49,286,30
49,287,23
49,288,27
49,289,17
49,292,30
49,294,4
49,297,30
49,298,4
49,300,4
49,301,11
49,302,22
49,306,28
49,308,7
49,309,30
49,310,30
49,311,29
49,312,29
49,317,9
49,318,30
49,319,30
49,320,30
49,323,30
49,325,12
49,326,8
49,328,30
49,329,30
49,330,30
49,331,30
49,332,6
49,336,15
49,340,1
49,342,4
49,347,21
49,349,3
49,350,2
49,352,30
49,356,9
49,357,22
49,362,30
49,363,29
49,364,2
49,365,30
49,368,30
49,369,30
49,370,6
49,371,18
49,372,1
49,377,1
49,378,1
49,379,18
49,380,30
49,381,30
49,382,5
50,0,4
50,2,27
50,3,30
50,5,11
50,11,2
50,13,30
50,14,17
50,17,2
50,18,30
50,20,30
50,22,30
50,23,21
50,24,26
50,26,4
50,27,30
50,30,30
50,33,6
50,35,22
50,37,27
50,38,11
50,40,13
50,41,30
50,42,20
50,43,30
50,46,30
50,48,30
50,51,22
50,53,30
50,54,27
50,55,28
50,57,23
50,61,1
50,66,22
50,67,7
50,72,8
50,75,16
50,77,30
50,78,30
50,80,5
50,81,12
50,83,30
50,84,16
50,85,15
50,86,12
50,94,30
50,97,15
50,98,28
50,100,30
50,101,16
50,102,30
50,103,30
50,107,30
50,109,30
50,111,30
50,112,1
50,114,30
50,117,30
50,118,30
50,119,30
50,123,13
50,126,6
50,127,24
50,128,10
50,129,2
50,130,30
50,131,30
50,133,30
50,134,30
50,136,22
50,139,27
50,140,4
50,141,30
50,142,29
50,143,30
50,146,30
50,148,14
50,149,30
50,151,30
50,153,28
50,154,6
50,155,30
50,156,29
50,159,7
50,160,30
50,161,1
50,162,30
50,164,30
50,167,30
50,169,28
50,172,30
50,173,30
50,174,30
50,175,30
50,178,18
50,179,17
50,181,30
50,182,1
50,186,7
50,187,1
50,188,23
50,192,29
50,193,2
50,195,26
50,196,30
50,200,7
50,204,30
50,205,30
50,206,2
50,209,30
50,210,30
50,211,3
50,212,30
50,213,30
50,217,16
50,220,14
50,221,30
50,222,2
50,225,13
50,226,4
50,227,29
50,228,12
50,231,30
50,233,11
50,235,26
50,236,30
50,237,30
50,238,9
50,239,30
50,243,30
50,244,27
50,246,5
50,250,14
50,251,3
50,252,29
50,254,30
50,255,21
50,260,30
50,261,2
50,264,22
50,266,30
50,267,14
50,273,12
50,275,29
50,278,30
50,279,4
50,282,30
50,283,28
50,284,10
50,285,4
50,286,17
50,287,4
50,289,26
50,291,4
50,294,30
50,298,17
50,299,6
50,300,8
50,302,30
50,307,30
50,310,4
50,311,1
50,312,30
50,314,18
50,316,8
50,317,2
50,320,30
50,321,11
50,322,5
50,324,30
50,325,30
50,330,30
50,331,4
50,333,4
50,337,30
50,339,29
50,340,14
50,341,5
50,342,8
50,344,30
50,346,30
50,347,18
50,348,21
50,349,25
50,351,30
50,352,7
50,353,30
50,356,2
50,357,3
50,358,17
50,360,9
50,361,1
50,362,25
50,366,1
50,367,30
50,368,30
50,369,25
50,370,10
50,372,30
50,373,30
50,374,29
50,377,14
50,378,5
50,382,2
50,383,30
51,0,30
51,4,30
51,5,2
51,6,23
51,7,26
51,12,7
51,13,28
51,14,30
51,15,30
51,19,30
51,21,3
51,22,4
51,23,8
51,24,30
51,25,2
51,27,11
51,28,30
51,31,1
51,34,22
51,35,30
51,36,30
51,37,30
51,38,24
51,42,30
51,44,30
51,45,30
51,47,6
51,48,1
51,49,30
51,50,30
51,51,16
51,52,30
51,54,30
51,55,30
51,58,30
51,59,30
51,60,30
51,61,13
51,62,15
51,63,30
51,64,24
51,65,18
51,66,30
51,67,17
51,69,10
51,70,30
51,72,10
51,74,30
51,75,30
51,76,6
51,77,30
51,78,27
51,79,6
51,83,7
51,84,3
51,85,30
51,87,7
51,90,7
51,91,30
51,94,28
51,98,13
51,99,8
51,100,11
51,102,30
51,104,30
51,105,7
51,106,26
51,107,30
51,108,30
51,109,11
51,110,30
51,112,14
51,117,30
51,118,30
51,122,19
51,124,30
51,125,27
51,128,3
51,129,26
51,130,30
51,131,21
51,132,1
51,136,18
51,137,30
51,142,30
51,144,27
51,149,30
51,151,17
51,152,7
51,153,6
51,154,30
51,155,16
51,158,2
51,161,30
51,163,3
51,165,21
51,166,30
51,168,30
51,170,30
51,171,21
51,172,13
51,173,19
51,175,7
51,177,30
51,179,30
51,181,13
51,182,14
51,184,15
51,186,3
51,188,4
51,189,30
51,190,30
51,192,30
51,193,20
51,194,30
51,196,1
51,197,18
51,198,30
51,200,18
51,202,26
51,203,6
51,205,4
51,207,30
51,208,21
51,210,30
51,212,12
51,217,30
51,218,30
51,221,30
51,223,1
51,224,30
51,225,30
51,228,30
51,230,30
51,231,13
51,233,3
51,236,27
51,237,4
51,240,29
51,241,30
51,242,1
51,244,30
51,245,6
51,247,23
51,255,3
51,256,26
51,257,19
51,258,4
51,259,10
51,261,29
51,262,11
51,263,30
51,266,30
51,268,30
51,269,5
51,271,30
51,272,1
51,274,6
51,275,30
51,276,30
51,280,3
51,281,3
51,285,28
51,287,30
51,290,25
51,293,30
51,298,30
51,301,30
51,302,25
51,303,30
51,304,29
51,307,5
51,316,30
51,317,30
51,318,22
51,319,22
51,320,6
51,321,30
51,322,6
51,328,28
51,331,10
51,336,10
51,337,8
51,344,30
51,345,30
51,346,30
51,348,29
51,349,2
51,353,2
51,354,2
51,355,30
51,356,30
51,358,16
51,359,30
51,360,5
51,361,17
51,362,30
51,363,2
51,364,7
51,366,2
51,371,27
51,373,1
51,375,19
51,376,19
52,0,30
52,4,30
52,5,28
52,6,27
52,10,30
52,12,30
52,14,30
52,15,7
52,20,30
52,21,10
52,22,1
52,23,2
52,24,16
52,25,29
52,26,2
52,28,2
52,29,9
52,31,30
52,32,6
52,34,8
52,35,22
52,38,30
52,40,30
52,42,30
52,44,30
52,45,10
52,46,18
52,47,4
52,48,30
52,49,30
52,50,30
52,52,30
52,55,30
52,56,2
52,57,5
52,62,26
52,63,16
52,64,30
52,66,9
52,67,30
52,72,30
52,78,30
52,83,10
52,84,30
52,86,11
52,88,30
52,91,30
52,92,30
52,94,14
52,96,30
52,98,18
52,102,2
52,108,15
52,110,9
52,111,9
52,113,30
52,114,5
52,120,3
52,121,17
52,125,29
52,126,1
52,128,30
52,130,26
52,131,19
52,133,30
52,134,3
52,136,8
52,137,30
52,139,13
52,140,11
52,142,20
52,146,30
52,147,26
52,148,4
52,152,1
52,155,1
52,161,30
52,162,22
52,166,30
52,167,30
52,168,3
52,169,7
52,170,24
52,171,30
52,172,15
52,173,17
52,177,2
52,179,30
52,180,30
52,182,3
52,183,7
52,186,28
52,187,23
52,188,28
52,189,16
52,190,4
52,193,30
52,195,30
52,196,13
52,197,7
52,198,23
52,199,28
52,202,20
52,204,25
52,205,1
52,206,25
52,208,17
52,213,30
52,214,30
52,216,30
52,217,20
52,219,30
52,220,30
52,221,3
52,222,30
52,228,6
52,230,30
52,233,10
52,234,30
52,235,30
52,236,22
52,239,1
52,240,5
52,241,30
52,242,30
52,245,30
52,250,30
52,251,30
52,252,30
52,254,29
52,255,30
52,256,26
52,259,30
52,260,30
52,261,17
52,262,30
52,263,3
52,264,30
52,272,9
52,277,15
52,278,22
52,279,30
52,281,30
52,282,30
52,284,30
52,285,30
52,288,27
52,289,30
52,290,5
52,291,1
52,292,29
52,293,30
52,294,18
52,296,30
52,297,9
52,300,30
52,303,21
52,304,6
52,306,29
52,307,4
52,308,7
52,309,30
52,310,30
52,316,30
52,322,4
52,325,30
52,328,30
52,329,30
52,331,11
52,333,30
52,335,7
52,336,30
52,337,4
52,340,30
52,341,11
52,342,30
52,343,16
52,345,13
52,346,22
52,347,28
52,348,30
52,349,22
52,350,2
52,351,24
52,352,16
52,353,3
52,356,7
52,358,4
52,359,26
52,360,2
52,364,6
52,365,30
52,367,5
52,370,30
52,371,8
52,373,30
52,376,5
52,377,30
52,378,30
52,379,3
52,380,30
52,381,30
52,382,13
52,383,24
53,3,7
53,4,30
53,6,30
53,8,22
53,10,22
53,11,30
53,13,30
53,15,29
53,16,7
53,19,30
53,25,30
53,26,26
53,29,1
53,30,30
53,32,30
53,35,29
53,36,28
53,43,30
53,44,9
53,45,3
53,48,7
53,49,30
53,51,6
53,53,16
53,57,28
53,58,16
53,59,2
53,61,30
53,65,9
53,66,16
53,69,30
53,70,23
53,71,24
53,72,17
53,73,30
53,75,30
53,77,1
53,78,2
53,79,5
53,81,5
53,83,22
53,84,5
53,86,7
53,89,9
53,93,30
53,97,3
53,98,15
53,100,23
53,101,30
53,105,18
53,106,30
53,107,30
53,108,30
53,113,30
53,114,30
53,115,30
53,117,27
53,118,16
53,119,29
53,121,29
53,122,28
53,124,24
53,125,30
53,127,12
53,129,1
53,130,30
53,131,30
53,132,30
53,134,10
53,136,2
53,138,10
53,139,30
53,140,17
53,142,30
53,144,30
53,145,18
53,147,6
53,149,27
53,150,30
53,152,30
53,153,3
53,155,15
53,156,30
53,157,30
53,158,3
53,160,19
53,161,30
53,163,1
53,165,30
53,169,30
53,170,12
53,171,30
53,172,30
53,173,30
53,174,21
53,177,4
53,181,30
53,183,30
53,185,30
53,186,30
53,187,30
53,189,30
53,190,23
53,193,16
53,194,13
53,196,22
53,197,5
53,198,30
53,203,5
53,207,6
53,211,30
53,212,30
53,213,14
53,215,30
53,217,5
53,220,3
53,221,30
53,222,30
53,231,19
53,235,13
53,236,30
53,237,23
53,239,20
53,240,2
53,242,6
53,246,2
53,247,30
53,248,30
53,249,30
53,250,30
53,251,30
53,252,8
53,254,5
53,258,2
53,261,1
53,263,9
53,266,30
53,267,30
53,268,13
53,269,29
53,270,30
53,271,30
53,273,10
53,275,30
53,276,18
53,277,5
53,282,3
53,283,27
53,284,30
53,287,30
53,288,30
53,291,19
53,292,30
53,295,30
53,298,30
53,299,29
53,300,1
53,301,2
53,304,10
53,306,5
53,310,9
53,313,12
53,314,30
53,316,30
53,319,1
53,320,9
53,325,24
53,328,8
53,330,17
53,334,7
53,336,6
53,337,24
53,338,30
53,339,6
53,341,30
53,342,4
53,344,24
53,345,28
53,347,30
53,349,30
53,350,8
53,351,15
53,352,19
53,357,30
53,359,26
53,360,16
53,361,18
53,362,26
53,363,30
53,364,30
53,366,30
53,368,18
53,369,7
53,370,1
53,371,30
53,373,29
53,375,18
53,376,7
53,377,29
53,378,6
53,379,30
53,380,1
53,382,30
53,383,30
54,0,4
54,1,17
54,3,30
54,8,24
54,9,10
54,10,30
54,11,15
54,17,30
54,18,27
54,19,30
54,20,30
54,25,30
54,27,13
54,28,30
54,29,30
54,30,22
54,31,21
54,32,29
54,35,18
54,40,23
54,41,2
54,46,4
54,47,12
54,51,2
54,52,10
54,54,3
54,55,29
54,57,30
54,59,30
54,60,2
54,64,23
54,67,12
54,68,5
54,69,29
54,71,30
54,72,8
54,73,7
54,75,28
54,82,6
54,83,30
54,86,30
54,87,4
54,89,4
54,91,24
54,92,26
54,94,29
54,95,28
54,96,9
54,99,30
54,100,5
54,102,2
54,104,10
54,105,30
54,107,24
54,108,5
54,109,11
54,110,8
54,111,5
54,113,2
54,116,7
54,118,22
54,119,30
54,120,6
54,121,23
54,122,30
54,125,16
54,127,30
54,128,30
54,130,30
54,133,29
54,134,1
54,135,25
54,136,30
54,137,21
54,138,28
54,139,7
54,141,30
54,142,30
54,143,6
54,144,30
54,146,30
54,147,13
54,148,24
54,150,1
54,151,4
54,154,23
54,157,23
54,158,6
54,160,16
54,161,7
54,162,18
54,166,30
54,168,30
54,169,30
54,171,16
54,173,30
54,177,18
54,179,3
54,180,2
54,181,30
54,184,26
54,186,30
54,187,26
54,188,11
54,189,30
54,190,30
54,192,30
54,194,5
54,196,1
54,197,22
54,198,15
54,199,11
54,201,30
54,202,11
54,203,2
54,204,29
54,205,27
54,208,28
54,210,24
54,211,30
54,212,30
54,214,13
54,215,29
54,216,28
54,217,23
54,218,30
54,220,30
54,222,30
54,223,11
54,224,30
54,225,16
54,228,30
54,230,2
54,232,2
54,233,8
54,234,19
54,235,1
54,236,5
54,238,3
54,239,30
54,242,27
54,244,1
54,249,14
54,250,30
54,251,30
54,252,19
54,254,30
54,256,18
54,258,30
54,259,2
54,267,30
54,270,30
54,272,9
54,273,5
54,277,14
54,281,10
54,282,9
54,283,16
54,285,5
54,289,19
54,290,28
54,292,25
54,293,15
54,295,30
54,296,11
54,297,30
54,299,21
54,301,5
54,303,23
54,304,1
54,305,23
54,307,30
54,308,23
54,309,29
54,311,2
54,312,30
54,313,6
54,314,27
54,319,5
54,322,30
54,323,30
54,326,30
54,327,8
54,328,19
54,329,29
54,332,4
54,335,29
54,337,30
54,338,30
54,341,18
54,346,30
54,350,30
54,351,30
54,352,8
54,353,4
54,354,28
54,356,2
54,357,18
54,359,30
54,360,1
54,364,30
54,366,2
54,369,30
54,372,30
54,373,10
54,374,18
54,375,25
54,377,14
54,378,30
54,379,4
54,380,15
54,381,30
54,383,30
55,3,7
55,4,30
55,6,5
55,7,18
55,8,8
55,12,6
55,13,29
55,16,30
55,18,8
55,20,27
55,21,11
55,23,30
55,25,30
55,26,30
55,27,30
55,28,6
55,29,28
55,31,30
55,34,1
55,36,12
55,37,3
55,38,7
55,39,15
55,40,30
55,41,30
55,42,29
55,44,6
55,46,30
55,48,2
55,49,12
55,57,26
55,59,30
55,64,30
55,66,10
55,68,15
55,70,29
55,71,2
55,73,30
55,74,30
55,78,30
55,80,30
55,82,3
55,83,16
55,85,30
55,86,8
55,87,30
55,88,20
55,89,15
55,90,30
55,91,30
55,92,30
55,95,30
55,96,3
55,97,17
55,98,19
55,99,1
55,101,30
55,102,6
55,103,30
55,105,30
55,106,30
55,107,13
55,109,7
55,111,18
55,113,30
55,116,8
55,117,30
55,119,30
55,120,19
55,121,2
55,123,30
55,124,13
55,125,30
55,127,30
55,128,24
55,129,30
55,130,30
55,131,30
55,132,11
55,134,30
55,135,25
55,136,20
55,137,30
55,146,30
55,147,29
55,148,30
55,151,2
55,153,6
55,154,16
55,156,30
55,158,3
55,161,23
55,162,26
55,164,20
55,165,13
55,167,30
55,168,30
55,170,4
55,173,30
55,174,10
55,175,30
55,176,30
55,178,26
55,181,4
55,182,30
55,186,30
55,187,30
55,189,30
55,190,8
55,191,5
55,193,30
55,196,28
55,197,6
55,199,30
55,200,16
55,204,17
55,205,30
55,207,30
55,211,30
55,212,2
55,213,27
55,216,30
55,217,19
55,220,5
55,230,15
55,231,1
55,234,20
55,236,30
55,237,30
55,240,7
55,242,30
55,246,30
55,247,15
55,248,20
55,251,5
55,252,9
55,257,24
55,261,5
55,262,7
55,264,13
55,265,30
55,266,28
55,267,30
55,270,20
55,271,29
55,272,2
55,276,1
55,278,30
55,283,30
55,285,6
55,286,29
55,288,5
55,290,24
55,291,30
55,292,1
55,293,3
55,297,30
55,298,30
55,301,4
55,302,30
55,304,23
55,306,19
55,308,30
55,309,30
55,311,19
55,313,8
55,315,30
55,317,30
55,319,4
55,322,1
55,325,1
55,326,30
55,329,30
55,330,12
55,333,5
55,334,26
55,337,12
55,338,8
55,339,6
55,340,30
55,341,30
55,343,25
55,344,22
55,345,28
55,346,30
55,348,27
55,349,30
55,352,24
55,353,30
55,356,21
55,357,7
55,360,26
55,362,30
55,363,13
55,365,26
55,367,15
55,369,4
55,373,30
55,375,2
55,376,30
55,381,30
55,382,30
56,1,4
56,3,23
56,5,30
56,9,18
56,10,30
56,12,30
56,14,1
56,16,30
56,18,16
56,19,19
56,23,30
56,24,30
56,25,16
56,26,30
56,29,28
56,30,30
56,31,12
56,32,1
56,35,12
56,36,21
56,37,30
56,39,6
56,40,30
56,41,4
56,43,23
56,44,30
56,45,22
56,46,30
56,49,2
56,50,25
56,54,30
56,55,6
56,60,21
56,62,26
56,64,11
56,66,13
56,67,30
56,68,14
56,71,30
56,73,29
56,74,30
56,78,1
56,82,29
56,83,30
56,84,4
56,85,2
56,86,3
56,89,25
56,90,8
56,95,30
56,96,30
56,100,30
56,103,21
56,105,2
56,107,7
56,109,28
56,110,28
56,111,30
56,113,23
56,115,27
56,117,30
56,120,17
56,122,19
56,125,30
56,126,28
56,128,5
56,129,3
56,130,11
56,131,20
56,132,5
56,134,19
56,137,5
56,140,4
56,141,30
56,143,21
56,144,30
56,145,7
56,146,30
56,150,27
56,151,30
56,153,13
56,154,11
56,155,30
56,158,30
56,159,30
56,160,9
56,162,30
56,163,2
56,165,25
56,167,5
56,169,30
56,171,2
56,172,9
56,178,11
56,179,5
56,180,2
56,181,30
56,185,30
56,188,21
56,195,30
56,197,30
56,198,30
56,199,30
56,204,16
56,205,11
56,207,30
56,208,14
56,211,30
56,212,8
56,214,30
56,216,26
56,220,2
56,221,30
56,223,28
56,225,28
56,227,23
56,230,29
56,232,30
56,237,30
56,239,30
56,242,21
56,243,4
56,244,4
56,248,30
56,249,30
56,250,30
56,253,30
56,254,28
56,256,26
56,257,10
56,260,30
56,261,19
56,266,14
56,267,2
56,268,30
56,269,30
56,271,1
56,272,6
56,274,30
56,275,22
56,276,12
56,277,30
56,278,3
56,279,30
56,280,30
56,281,29
56,283,30
56,285,2
56,289,26
56,291,4
56,292,30
56,293,30
56,295,13
56,298,4
56,299,13
56,302,3
56,304,18
56,307,30
56,308,22
56,309,13
56,316,30
56,319,30
56,320,8
56,321,30
56,322,9
56,326,29
56,334,30
56,337,13
56,339,29
56,340,4
56,343,30
56,344,8
56,345,30
56,346,17
56,349,29
56,352,13
56,353,30
56,355,30
56,356,1
56,358,30
56,359,11
56,360,4
56,361,30
56,362,30
56,363,30
56,364,30
56,365,30
56,366,30
56,367,10
56,368,3
56,369,2
56,370,25
56,371,26
56,372,30
56,373,30
56,374,30
56,375,30
56,376,16
56,378,16
56,379,1
56,382,30
56,383,7
57,0,30
57,1,29
57,3,3
57,5,12
57,9,2
57,12,30
57,14,30
57,18,30
57,19,1
57,20,15
57,21,30
57,26,29
57,27,30
57,29,30
57,30,5
57,32,18
57,33,30
57,37,28
57,38,17
57,40,11
57,43,24
57,45,30
57,46,25
57,47,26
57,48,30
57,49,3
57,50,25
57,52,13
57,53,20
57,54,13
57,56,7
57,57,30
57,59,2
57,61,27
57,63,8
57,64,17
57,66,4
57,68,29
57,69,5
57,71,2
57,72,25
57,74,11
57,76,4
57,78,30
57,79,18
57,80,30
57,81,10
57,82,21
57,83,30
57,84,30
57,85,30
57,88,15
57,89,30
57,91,28
57,92,30
57,93,4
57,94,30
57,95,7
57,99,30
57,100,30
57,102,2
57,107,30
57,108,24
57,112,30
57,116,8
57,123,1
57,124,30
57,126,30
57,127,30
57,128,27
57,133,20
57,134,5
57,136,20
57,139,20
57,144,24
57,145,12
57,146,28
57,150,30
57,151,20
57,156,30
57,157,9
57,158,30
57,160,14
57,162,11
57,163,10
57,165,9
57,166,14
57,170,15
57,172,4
57,173,30
57,175,8
57,177,17
57,179,19
57,180,30
57,182,30
57,183,30
57,187,2
57,188,3
57,189,29
57,192,30
57,194,5
57,198,30
57,199,30
57,201,30
57,203,30
57,207,14
57,209,30
57,210,13
57,212,30
57,214,25
57,217,30
57,218,30
57,220,27
57,221,30
57,222,30
57,224,2
57,225,30
57,226,29
57,227,7
57,238,30
57,240,20
57,242,12
57,243,20
57,244,30
57,245,29
57,246,30
57,247,4
57,248,30
57,249,2
57,250,30
57,251,30
57,253,30
57,255,9
57,257,30
57,262,13
57,264,19
57,265,5
57,266,23
57,267,30
57,268,1
57,269,30
57,272,17
57,273,30
57,274,15
57,276,21
57,284,27
57,285,30
57,287,29
57,288,19
57,289,29
57,291,16
57,292,29
57,296,6
57,298,1
57,300,3
57,301,30
57,302,7
57,303,1
57,305,6
57,306,3
57,308,18
57,309,4
57,310,30
57,312,16
57,313,30
57,319,30
57,320,29
57,321,7
57,324,29
57,326,14
57,329,30
57,330,28
57,331,30
57,333,22
57,334,29
57,336,30
57,338,30
57,339,30
57,340,17
57,341,3
57,346,23
57,347,30
57,348,14
57,349,30
57,356,30
57,359,26
57,360,29
57,361,21
57,362,7
57,364,30
57,367,7
57,368,16
57,369,17
57,370,30
57,372,9
57,373,27
57,374,1
57,376,20
57,377,5
57,379,28
57,382,1
57,383,29
58,3,25
58,4,30
58,5,30
58,6,29
58,9,21
58,10,30
58,13,13
58,15,11
58,20,30
58,21,5
58,22,30
58,23,1
58,25,7
58,26,27
58,29,30
58,30,21
58,34,11
58,35,20
58,36,30
58,37,30
58,39,28
58,40,6
58,42,11
58,43,6
58,46,30
58,49,28
58,50,29
58,52,30
58,55,1
58,56,30
58,57,23
58,58,16
58,59,30
58,63,30
58,65,27
58,66,30
58,68,7
58,70,14
58,71,30
58,72,29
58,73,30
58,74,5
58,76,2
58,77,7
58,78,9
58,79,1
58,80,30
58,82,17
58,83,23
58,85,3
58,86,30
58,88,6
58,91,24
58,93,30
58,96,30
58,97,2
58,98,30
58,99,1
58,100,15
58,103,21
58,106,30
58,107,2
58,113,29
58,114,11
58,116,30
58,120,5
58,123,19
58,124,30
58,127,30
58,129,30
58,132,25
58,135,17
58,136,4
58,137,30
58,138,30
58,139,30
58,140,16
58,141,8
58,143,19
58,144,17
58,145,20
58,149,30
58,153,4
58,157,23
58,158,4
58,159,4
58,160,25
58,161,2
58,167,24
58,169,30
58,171,7
58,172,23
58,176,17
58,177,4
58,179,2
58,181,26
58,186,5
58,188,10
58,190,4
58,194,3
58,198,10
58,199,13
58,200,3
58,201,30
58,203,10
58,204,29
58,207,30
58,208,8
58,209,30
58,211,30
58,212,2
58,216,29
58,217,30
58,224,30
58,225,30
58,226,30
58,227,30
58,228,30
58,229,10
58,230,30
58,232,3
58,233,27
58,234,30
58,235,14
58,238,3
58,239,30
58,240,30
58,241,1
58,242,17
58,244,26
58,245,7
58,249,2
58,254,30
58,256,30
58,257,30
58,258,13
58,259,30
58,260,30
58,262,18
58,263,30
58,264,23
58,266,30
58,267,30
58,270,28
58,271,2
58,272,5
58,275,23
58,277,30
58,279,30
58,281,30
58,283,30
58,287,26
58,290,9
58,291,8
58,292,30
58,294,9
58,296,30
58,301,27
58,303,1
58,306,28
58,307,3
58,308,30
58,309,30
58,311,30
58,313,30
58,314,30
58,316,30
58,319,30
58,321,24
58,323,23
58,324,21
58,325,30
58,329,12
58,330,5
58,331,14
58,333,20
58,338,30
58,339,30
58,341,30
58,343,30
58,344,30
58,346,1
58,350,30
58,354,8
58,355,3
58,358,11
58,359,30
58,360,14
58,361,22
58,363,3
58,364,23
58,366,30
58,367,30
58,369,29
58,370,13
58,372,29
58,373,26
58,376,7
58,377,30
58,378,26
58,379,12
58,382,19
58,383,29
59,0,30
59,1,8
59,4,30
59,6,30
59,8,30
59,13,30
59,14,30
59,15,30
59,16,18
59,17,17
59,18,30
59,23,29
59,26,30
59,29,24
59,30,30
59,31,16
59,32,30
59,35,30
59,40,30
59,42,7
59,43,30
59,44,16
59,46,30
59,47,25
59,49,17
59,50,30
59,51,2
59,53,4
59,56,2
59,57,4
59,58,1
59,59,14
59,61,29
59,62,30
59,63,24
59,64,30
59,65,4
59,66,4
59,67,8
59,71,2
59,72,1
59,73,30
59,74,30
59,75,30
59,77,27
59,78,2
59,79,29
59,82,23
59,83,30
59,85,29
59,86,30
59,87,1
59,88,1
59,90,25
59,91,30
59,92,25
59,93,10
59,95,19
59,96,30
59,97,30
59,98,13
59,99,24
59,102,30
59,104,5
59,106,30
59,107,14
59,108,30
59,109,12
59,110,8
59,112,30
59,118,30
59,119,27
59,120,30
59,124,2
59,125,9
59,126,8
59,127,6
59,131,8
59,132,2
59,134,28
59,136,3
59,137,1
59,143,15
59,144,1
59,145,30
59,147,10
59,148,30
59,149,30
59,151,2
59,152,30
59,154,29
59,158,1
59,161,30
59,162,18
59,163,22
59,164,30
59,166,30
59,167,27
59,169,1
59,170,28
59,171,30
59,172,26
59,176,30
59,180,30
59,181,29
59,184,30
59,186,30
59,187,9
59,189,26
59,190,29
59,192,24
59,193,29
59,194,26
59,196,5
59,198,13
59,200,30
59,202,7
59,205,13
59,207,13
59,210,30
59,211,4
59,212,24
59,213,30
59,216,30
59,218,8
59,221,3
59,222,7
59,223,12
59,229,14
59,230,4
59,231,30
59,236,30
59,239,6
59,240,7
59,241,30
59,243,30
59,244,30
59,245,13
59,248,21
59,251,30
59,252,30
59,253,6
59,254,30
59,255,6
59,256,22
59,259,23
59,262,28
59,266,30
59,268,22
59,269,11
59,270,4
59,271,3
59,272,2
59,275,2
59,278,30
59,279,7
59,281,25
59,286,30
59,288,18
59,289,3
59,291,4
59,294,1
59,296,30
59,297,5
59,300,3
59,302,5
59,303,27
59,304,14
59,306,2
59,307,30
59,310,17
59,321,23
59,324,26
59,326,5
59,328,30
59,329,30
59,330,30
59,331,19
59,334,3
59,335,30
59,340,30
59,341,20
59,342,30
59,343,30
59,344,30
59,348,30
59,349,12
59,350,22
59,351,30
59,353,28
59,354,20
59,355,30
59,356,2
59,357,18
59,358,14
59,359,6
59,360,16
59,361,8
59,363,7
59,364,30
59,366,5
59,367,3
59,368,3
59,371,19
59,372,30
59,373,30
59,374,30
59,375,28
59,376,30
59,382,2
59,383,30
60,8,13
60,9,29
60,16,1
60,17,1
60,23,1
60,30,20
60,33,1
60,41,2
60,42,1
60,47,1
60,56,2
60,60,1
60,62,6
60,79,1
60,98,2
60,102,3
60,103,5
60,111,1
60,120,1
60,123,1
60,124,1
60,141,1
60,144,3
60,145,1
60,148,1
60,150,4
60,176,13
60,177,3
60,178,1
60,180,2
60,183,1
60,189,1
60,190,4
60,192,1
60,195,1
60,198,2
60,202,1
60,203,1
60,206,7
60,211,1
60,219,1
60,224,2
60,231,1
60,234,2
60,237,1
60,240,1
60,242,1
60,249,1
60,250,1
60,264,4
60,267,1
60,268,2
60,274,1
60,275,2
60,285,3
60,286,1
60,287,7
60,290,2
60,294,1
60,302,1
60,303,4
60,308,7
60,312,8
60,326,1
60,327,3
60,333,1
60,346,1
60,351,27
60,354,1
60,372,3
60,373,3
60,383,2
